Result, Test Name, Power Priority, Power Level, Iteration, Var MSA, Dataset File,Point Result 1, Var Actual 1, Var Target 1, Var Min Allowed 1, Var Max Allowed 1,Point Result 2, Var Actual 2, Var Target 2, Var Min Allowed 2, Var Max Allowed 2,Point Result 3, Var Actual 3, Var Target 3, Var Min Allowed 3, Var Max Allowed 3
, , , , , , , Pass, -5756.29036458, -5750.0, -6250.0, -5250.0, Pass, -5756.29036458, -5750.0, -6250.0, -5250.0, Pass, -5756.29036458, -5750.0, -6250.0, -5250.0
, , , , , , , Pass, -5810.37434896, -5750.0, -6250.0, -5250.0, Pass, -5810.37434896, -5750.0, -6250.0, -5250.0, Pass, -5810.37434896, -5750.0, -6250.0, -5250.0
, , , , , , , Pass, -5830.49674479, -5750.0, -6250.0, -5250.0, Pass, -5830.49674479, -5750.0, -6250.0, -5250.0, Pass, -5830.49674479, -5750.0, -6250.0, -5250.0
, , , , , , , Pass, -3898.5406901, -5716.76666667, -6250.0, -3550.1, Pass, -3898.5406901, -5748.4, -6250.0, -3581.73333333, Pass, -3898.5406901, -5750.0, -6250.0, -3590.7
, , , , , , , Pass, -2815.51822917, -4305.0, -6250.0, -2138.33333333, Pass, -2815.51822917, -4325.43333333, -6250.0, -2158.76666667, Pass, -2815.51822917, -4336.26666667, -6250.0, -2169.6
, , , , , , , Pass, -1666.6554362, -2861.66666667, -5028.33333333, -695.0, Pass, -1666.6554362, -2887.66666667, -5054.33333333, -721.0, Pass, -1666.6554362, -2896.8, -5063.46666667, -730.133333333
, , , , , , , Pass, -716.401611328, -1438.4, -3605.06666667, 500.0, Pass, -716.401611328, -1459.06666667, -3625.73333333, 500.0, Pass, -716.401611328, -1468.33333333, -3635.0, 500.0
, , , , , , , Pass, 12.0817654928, 0.0, -2164.93333333, 500.0, Pass, 12.0817654928, -18.9, -2185.56666667, 500.0, Pass, 12.0817654928, -28.0, -2194.66666667, 500.0
, , , , , , , Pass, -13.4159978231, 0.0, -500.0, 500.0, Pass, -13.4159978231, 0.0, -500.0, 500.0, Pass, -13.4159978231, 0.0, -500.0, 500.0
, , , , , , , Pass, 9.57497723897, 0.0, -500.0, 500.0, Pass, 9.57497723897, 0.0, -500.0, 500.0, Pass, 9.57497723897, 0.0, -500.0, 500.0
, , , , , , , Pass, 269.274312337, 0.0, -500.0, 500.0, Pass, 269.274312337, 0.0, -500.0, 500.0, Pass, 269.274312337, 0.0, -500.0, 500.0
, , , , , , , Fail, 2253.0139974, 0.0, -500.0, 2157.6, Fail, 2253.0139974, 0.0, -500.0, 2141.66666667, Fail, 2253.0139974, 0.0, -500.0, 2135.03333333
, , , , , , , Pass, 3235.15657552, 1418.0, -500.0, 3584.66666667, Pass, 3235.15657552, 1404.93333333, -500.0, 3571.6, Pass, 3235.15657552, 1398.5, -500.0, 3565.16666667
, , , , , , , Pass, 4379.64160156, 2854.66666667, 688.0, 5021.33333333, Pass, 4379.64160156, 2839.3, 672.633333333, 5005.96666667, Pass, 4379.64160156, 2834.86666667, 668.2, 5001.53333333
, , , , , , , Pass, 5372.72786458, 4287.13333333, 2120.46666667, 6250.0, Pass, 5372.72786458, 4275.5, 2108.83333333, 6250.0, Pass, 5372.72786458, 4268.6, 2101.93333333, 6250.0
, , , , , , , Pass, 5797.28125, 5723.3, 3556.63333333, 6250.0, Pass, 5797.28125, 5708.76666667, 3542.1, 6250.0, Pass, 5797.28125, 5707.76666667, 3541.1, 6250.0
, , , , , , , Pass, 5746.35091146, 5750.0, 5250.0, 6250.0, Pass, 5746.35091146, 5750.0, 5250.0, 6250.0, Pass, 5746.35091146, 5750.0, 5250.0, 6250.0
, , , , , , , Pass, 5768.12695312, 5750.0, 5250.0, 6250.0, Pass, 5768.12695312, 5750.0, 5250.0, 6250.0, Pass, 5768.12695312, 5750.0, 5250.0, 6250.0
, , , , , , , Pass, 5685.52604167, 5750.0, 5250.0, 6250.0, Pass, 5685.52604167, 5750.0, 5250.0, 6250.0, Pass, 5685.52604167, 5750.0, 5250.0, 6250.0
Fail, VV_2_100_down_1, Reactive, 100.0, 3, 1500.0, VV_2_100_down_1.csv, , , , , , , , , , , , , , , 
, , , , , , , Pass, 5828.21940104, 5750.0, 5250.0, 6250.0, Pass, 5828.21940104, 5750.0, 5250.0, 6250.0, Pass, 5828.21940104, 5750.0, 5250.0, 6250.0
, , , , , , , Pass, 5780.54817708, 5750.0, 5250.0, 6250.0, Pass, 5780.54817708, 5750.0, 5250.0, 6250.0, Pass, 5780.54817708, 5750.0, 5250.0, 6250.0
, , , , , , , Pass, 5735.04361979, 5750.0, 5250.0, 6250.0, Pass, 5735.04361979, 5750.0, 5250.0, 6250.0, Pass, 5735.04361979, 5750.0, 5250.0, 6250.0
, , , , , , , Pass, 5777.26432292, 5711.46666667, 3544.8, 6250.0, Pass, 5777.26432292, 5725.7, 3559.03333333, 6250.0, Pass, 5777.26432292, 5741.16666667, 3574.5, 6250.0
, , , , , , , Pass, 5358.12304688, 4284.93333333, 2118.26666667, 6250.0, Pass, 5358.12304688, 4299.7, 2133.03333333, 6250.0, Pass, 5358.12304688, 4310.43333333, 2143.76666667, 6250.0
, , , , , , , Pass, 4352.71679688, 2845.3, 678.633333333, 5011.96666667, Pass, 4352.71679688, 2855.63333333, 688.966666667, 5022.3, Pass, 4352.71679688, 2880.43333333, 713.766666667, 5047.1
, , , , , , , Pass, 3219.79199219, 1413.4, -500.0, 3580.06666667, Pass, 3219.79199219, 1430.06666667, -500.0, 3596.73333333, Pass, 3219.79199219, 1435.5, -500.0, 3602.16666667
, , , , , , , Pass, 2130.27864583, 0.0, -500.0, 2146.43333333, Pass, 2130.27864583, 0.0, -500.0, 2160.63333333, Pass, 2130.27864583, 14.3333333333, -500.0, 2181.0
, , , , , , , Pass, 368.762980143, 0.0, -500.0, 500.0, Pass, 368.762980143, 0.0, -500.0, 500.0, Pass, 368.762980143, 0.0, -500.0, 500.0
, , , , , , , Pass, -96.183980306, 0.0, -500.0, 500.0, Pass, -96.183980306, 0.0, -500.0, 500.0, Pass, -96.183980306, 0.0, -500.0, 500.0
, , , , , , , Pass, -112.382141113, 0.0, -500.0, 500.0, Pass, -112.382141113, 0.0, -500.0, 500.0, Pass, -112.382141113, 0.0, -500.0, 500.0
, , , , , , , Pass, 59.8938191732, 0.0, -2153.4, 500.0, Pass, 59.8938191732, 0.0, -2098.83333333, 500.0, Pass, 59.8938191732, 0.0, -2102.53333333, 500.0
, , , , , , , Pass, -703.117431641, -1393.36666667, -3560.03333333, 500.0, Pass, -703.117431641, -1369.86666667, -3536.53333333, 500.0, Pass, -703.117431641, -1378.06666667, -3544.73333333, 500.0
, , , , , , , Pass, -1847.87841797, -2823.96666667, -4990.63333333, -657.3, Pass, -1847.87841797, -2803.8, -4970.46666667, -637.133333333, Pass, -1847.87841797, -2802.03333333, -4968.7, -635.366666667
, , , , , , , Pass, -2831.96940104, -4243.83333333, -6250.0, -2077.16666667, Pass, -2831.96940104, -4254.66666667, -6250.0, -2088.0, Pass, -2831.96940104, -4270.43333333, -6250.0, -2103.76666667
, , , , , , , Pass, -3943.47851562, -5676.1, -6250.0, -3509.43333333, Pass, -3943.47851562, -5704.06666667, -6250.0, -3537.4, Pass, -3943.47851562, -5705.73333333, -6250.0, -3539.06666667
, , , , , , , Pass, -5792.53125, -5750.0, -6250.0, -5250.0, Pass, -5792.53125, -5750.0, -6250.0, -5250.0, Pass, -5792.53125, -5750.0, -6250.0, -5250.0
, , , , , , , Pass, -5754.09505208, -5750.0, -6250.0, -5250.0, Pass, -5754.09505208, -5750.0, -6250.0, -5250.0, Pass, -5754.09505208, -5750.0, -6250.0, -5250.0
, , , , , , , Pass, -5764.57291667, -5750.0, -6250.0, -5250.0, Pass, -5764.57291667, -5750.0, -6250.0, -5250.0, Pass, -5764.57291667, -5750.0, -6250.0, -5250.0
Pass, VV_2_100_up_1, Reactive, 100.0, 3, 1500.0, VV_2_100_up_1.csv, , , , , , , , , , , , , , , 
, , , , , , , Pass, -5790.06380208, -5750.0, -6250.0, -5250.0, Pass, -5790.06380208, -5750.0, -6250.0, -5250.0, Pass, -5790.06380208, -5750.0, -6250.0, -5250.0
, , , , , , , Pass, -5725.98372396, -5750.0, -6250.0, -5250.0, Pass, -5725.98372396, -5750.0, -6250.0, -5250.0, Pass, -5725.98372396, -5750.0, -6250.0, -5250.0
, , , , , , , Pass, -5737.43945312, -5750.0, -6250.0, -5250.0, Pass, -5737.43945312, -5750.0, -6250.0, -5250.0, Pass, -5737.43945312, -5750.0, -6250.0, -5250.0
, , , , , , , Pass, -3955.64127604, -5750.0, -6250.0, -3617.66666667, Pass, -3955.64127604, -5750.0, -6250.0, -3614.8, Pass, -3955.64127604, -5750.0, -6250.0, -3601.36666667
, , , , , , , Pass, -2794.06901042, -4352.36666667, -6250.0, -2185.7, Pass, -2794.06901042, -4345.06666667, -6250.0, -2178.4, Pass, -2794.06901042, -4331.93333333, -6250.0, -2165.26666667
, , , , , , , Pass, -1843.63395182, -2910.4, -5077.06666667, -743.733333333, Pass, -1843.63395182, -2885.46666667, -5052.13333333, -718.8, Pass, -1843.63395182, -2876.1, -5042.76666667, -709.433333333
, , , , , , , Pass, -716.555419922, -1465.6, -3632.26666667, 500.0, Pass, -716.555419922, -1443.96666667, -3610.63333333, 500.0, Pass, -716.555419922, -1431.3, -3597.96666667, 500.0
, , , , , , , Pass, 40.8821385701, -26.4, -2193.06666667, 500.0, Pass, 40.8821385701, -7.3, -2173.96666667, 500.0, Pass, 40.8821385701, 0.0, -2154.83333333, 500.0
, , , , , , , Pass, 39.1846618652, 0.0, -500.0, 500.0, Pass, 39.1846618652, 0.0, -500.0, 500.0, Pass, 39.1846618652, 0.0, -500.0, 500.0
, , , , , , , Pass, -115.668965658, 0.0, -500.0, 500.0, Pass, -115.668965658, 0.0, -500.0, 500.0, Pass, -115.668965658, 0.0, -500.0, 500.0
, , , , , , , Pass, 229.740275065, 0.0, -500.0, 500.0, Pass, 229.740275065, 0.0, -500.0, 500.0, Pass, 229.740275065, 0.0, -500.0, 500.0
, , , , , , , Fail, 2270.81575521, 0.0, -500.0, 2151.53333333, Fail, 2270.81575521, 19.1, -500.0, 2185.76666667, Fail, 2270.81575521, 37.5666666667, -500.0, 2204.23333333
, , , , , , , Pass, 3255.95279948, 1429.16666667, -500.0, 3595.83333333, Pass, 3255.95279948, 1462.23333333, -500.0, 3628.9, Pass, 3255.95279948, 1478.8, -500.0, 3645.46666667
, , , , , , , Pass, 4318.74804688, 2874.23333333, 707.566666667, 5040.9, Pass, 4318.74804688, 2908.36666667, 741.7, 5075.03333333, Pass, 4318.74804688, 2916.36666667, 749.7, 5083.03333333
, , , , , , , Pass, 5355.41113281, 4304.96666667, 2138.3, 6250.0, Pass, 5355.41113281, 4350.16666667, 2183.5, 6250.0, Pass, 5355.41113281, 4349.63333333, 2182.96666667, 6250.0
, , , , , , , Pass, 5627.03059896, 5744.3, 3577.63333333, 6250.0, Pass, 5627.03059896, 5750.0, 3598.7, 6250.0, Pass, 5627.03059896, 5750.0, 3614.3, 6250.0
, , , , , , , Pass, 5717.72981771, 5750.0, 5250.0, 6250.0, Pass, 5717.72981771, 5750.0, 5250.0, 6250.0, Pass, 5717.72981771, 5750.0, 5250.0, 6250.0
, , , , , , , Pass, 5849.87955729, 5750.0, 5250.0, 6250.0, Pass, 5849.87955729, 5750.0, 5250.0, 6250.0, Pass, 5849.87955729, 5750.0, 5250.0, 6250.0
, , , , , , , Pass, 5796.80208333, 5750.0, 5250.0, 6250.0, Pass, 5796.80208333, 5750.0, 5250.0, 6250.0, Pass, 5796.80208333, 5750.0, 5250.0, 6250.0
Fail, VV_2_100_down_2, Reactive, 100.0, 3, 1500.0, VV_2_100_down_2.csv, , , , , , , , , , , , , , , 
, , , , , , , Pass, 5617.015625, 5750.0, 5250.0, 6250.0, Pass, 5617.015625, 5750.0, 5250.0, 6250.0, Pass, 5617.015625, 5750.0, 5250.0, 6250.0
, , , , , , , Pass, 5643.32161458, 5750.0, 5250.0, 6250.0, Pass, 5643.32161458, 5750.0, 5250.0, 6250.0, Pass, 5643.32161458, 5750.0, 5250.0, 6250.0
, , , , , , , Pass, 5715.88932292, 5750.0, 5250.0, 6250.0, Pass, 5715.88932292, 5750.0, 5250.0, 6250.0, Pass, 5715.88932292, 5750.0, 5250.0, 6250.0
, , , , , , , Pass, 5726.08984375, 5750.0, 3607.86666667, 6250.0, Pass, 5726.08984375, 5750.0, 3587.26666667, 6250.0, Pass, 5726.08984375, 5738.0, 3571.33333333, 6250.0
, , , , , , , Pass, 5329.53352865, 4321.06666667, 2154.4, 6250.0, Pass, 5329.53352865, 4302.3, 2135.63333333, 6250.0, Pass, 5329.53352865, 4295.0, 2128.33333333, 6250.0
, , , , , , , Pass, 4197.16210938, 2885.3, 718.633333333, 5051.96666667, Pass, 4197.16210938, 2862.06666667, 695.4, 5028.73333333, Pass, 4197.16210938, 2848.66666667, 682.0, 5015.33333333
, , , , , , , Pass, 3188.67643229, 1420.93333333, -500.0, 3587.6, Pass, 3188.67643229, 1401.86666667, -500.0, 3568.53333333, Pass, 3188.67643229, 1403.63333333, -500.0, 3570.3
, , , , , , , Pass, 2117.6258138, 0.0, -500.0, 2152.53333333, Pass, 2117.6258138, 0.0, -500.0, 2133.23333333, Pass, 2117.6258138, 0.0, -500.0, 2126.36666667
, , , , , , , Pass, 263.031860352, 0.0, -500.0, 500.0, Pass, 263.031860352, 0.0, -500.0, 500.0, Pass, 263.031860352, 0.0, -500.0, 500.0
, , , , , , , Pass, 5.09202257792, 0.0, -500.0, 500.0, Pass, 5.09202257792, 0.0, -500.0, 500.0, Pass, 5.09202257792, 0.0, -500.0, 500.0
, , , , , , , Pass, -7.63512611389, 0.0, -500.0, 500.0, Pass, -7.63512611389, 0.0, -500.0, 500.0, Pass, -7.63512611389, 0.0, -500.0, 500.0
, , , , , , , Pass, -40.3990656535, -42.2, -2208.86666667, 500.0, Pass, -40.3990656535, -39.2, -2205.86666667, 500.0, Pass, -40.3990656535, -42.4333333333, -2209.1, 500.0
, , , , , , , Pass, -754.320882161, -1481.16666667, -3647.83333333, 500.0, Pass, -754.320882161, -1478.96666667, -3645.63333333, 500.0, Pass, -754.320882161, -1465.16666667, -3631.83333333, 500.0
, , , , , , , Pass, -1836.88704427, -2914.23333333, -5080.9, -747.566666667, Pass, -1836.88704427, -2911.93333333, -5078.6, -745.266666667, Pass, -1836.88704427, -2899.96666667, -5066.63333333, -733.3
, , , , , , , Pass, -2904.66048177, -4344.36666667, -6250.0, -2177.7, Pass, -2904.66048177, -4327.43333333, -6250.0, -2160.76666667, Pass, -2904.66048177, -4321.83333333, -6250.0, -2155.16666667
, , , , , , , Pass, -4021.66699219, -5750.0, -6250.0, -3609.06666667, Pass, -4021.66699219, -5750.0, -6250.0, -3587.43333333, Pass, -4021.66699219, -5750.0, -6250.0, -3585.66666667
, , , , , , , Pass, -5856.44205729, -5750.0, -6250.0, -5250.0, Pass, -5856.44205729, -5750.0, -6250.0, -5250.0, Pass, -5856.44205729, -5750.0, -6250.0, -5250.0
, , , , , , , Pass, -5890.73958333, -5750.0, -6250.0, -5250.0, Pass, -5890.73958333, -5750.0, -6250.0, -5250.0, Pass, -5890.73958333, -5750.0, -6250.0, -5250.0
, , , , , , , Pass, -5813.37044271, -5750.0, -6250.0, -5250.0, Pass, -5813.37044271, -5750.0, -6250.0, -5250.0, Pass, -5813.37044271, -5750.0, -6250.0, -5250.0
Pass, VV_2_100_up_2, Reactive, 100.0, 3, 1500.0, VV_2_100_up_2.csv, , , , , , , , , , , , , , , 
, , , , , , , Pass, -5843.27213542, -5750.0, -6250.0, -5250.0, Pass, -5843.27213542, -5750.0, -6250.0, -5250.0, Pass, -5843.27213542, -5750.0, -6250.0, -5250.0
, , , , , , , Pass, -5803.23763021, -5750.0, -6250.0, -5250.0, Pass, -5803.23763021, -5750.0, -6250.0, -5250.0, Pass, -5803.23763021, -5750.0, -6250.0, -5250.0
, , , , , , , Pass, -5817.63802083, -5750.0, -6250.0, -5250.0, Pass, -5817.63802083, -5750.0, -6250.0, -5250.0, Pass, -5817.63802083, -5750.0, -6250.0, -5250.0
, , , , , , , Pass, -4047.61197917, -5692.83333333, -6250.0, -3526.16666667, Pass, -4047.61197917, -5721.43333333, -6250.0, -3554.76666667, Pass, -4047.61197917, -5733.9, -6250.0, -3567.23333333
, , , , , , , Pass, -3029.21191406, -4282.53333333, -6250.0, -2115.86666667, Pass, -3029.21191406, -4308.86666667, -6250.0, -2142.2, Pass, -3029.21191406, -4322.56666667, -6250.0, -2155.9
, , , , , , , Pass, -1877.95751953, -2844.5, -5011.16666667, -677.833333333, Pass, -1877.95751953, -2873.46666667, -5040.13333333, -706.8, Pass, -1877.95751953, -2885.93333333, -5052.6, -719.266666667
, , , , , , , Pass, -844.002197266, -1426.66666667, -3593.33333333, 500.0, Pass, -844.002197266, -1452.16666667, -3618.83333333, 500.0, Pass, -844.002197266, -1458.03333333, -3624.7, 500.0
, , , , , , , Pass, -11.3142102559, 0.0, -2162.1, 500.0, Pass, -11.3142102559, -19.5333333333, -2186.2, 500.0, Pass, -11.3142102559, -29.9, -2196.56666667, 500.0
, , , , , , , Pass, -45.5547129313, 0.0, -500.0, 500.0, Pass, -45.5547129313, 0.0, -500.0, 500.0, Pass, -45.5547129313, 0.0, -500.0, 500.0
, , , , , , , Pass, -15.089205424, 0.0, -500.0, 500.0, Pass, -15.089205424, 0.0, -500.0, 500.0, Pass, -15.089205424, 0.0, -500.0, 500.0
, , , , , , , Pass, 222.512776693, 0.0, -500.0, 500.0, Pass, 222.512776693, 0.0, -500.0, 500.0, Pass, 222.512776693, 0.0, -500.0, 500.0
, , , , , , , Pass, 2076.62760417, 0.0, -500.0, 2139.56666667, Pass, 2076.62760417, 0.0, -500.0, 2129.83333333, Pass, 2076.62760417, 0.0, -500.0, 2124.06666667
, , , , , , , Pass, 3161.34147135, 1400.76666667, -500.0, 3567.43333333, Pass, 3161.34147135, 1395.5, -500.0, 3562.16666667, Pass, 3161.34147135, 1396.96666667, -500.0, 3563.63333333
, , , , , , , Pass, 4152.97949219, 2833.9, 667.233333333, 5000.56666667, Pass, 4152.97949219, 2831.1, 664.433333333, 4997.76666667, Pass, 4152.97949219, 2828.63333333, 661.966666667, 4995.3
, , , , , , , Pass, 5204.57128906, 4263.23333333, 2096.56666667, 6250.0, Pass, 5204.57128906, 4266.83333333, 2100.16666667, 6250.0, Pass, 5204.57128906, 4280.83333333, 2114.16666667, 6250.0
, , , , , , , Pass, 5810.34635417, 5708.93333333, 3542.26666667, 6250.0, Pass, 5810.34635417, 5707.43333333, 3540.76666667, 6250.0, Pass, 5810.34635417, 5708.3, 3541.63333333, 6250.0
, , , , , , , Pass, 5790.66796875, 5750.0, 5250.0, 6250.0, Pass, 5790.66796875, 5750.0, 5250.0, 6250.0, Pass, 5790.66796875, 5750.0, 5250.0, 6250.0
, , , , , , , Pass, 5788.83463542, 5750.0, 5250.0, 6250.0, Pass, 5788.83463542, 5750.0, 5250.0, 6250.0, Pass, 5788.83463542, 5750.0, 5250.0, 6250.0
, , , , , , , Pass, 5795.42447917, 5750.0, 5250.0, 6250.0, Pass, 5795.42447917, 5750.0, 5250.0, 6250.0, Pass, 5795.42447917, 5750.0, 5250.0, 6250.0
Pass, VV_2_100_down_3, Reactive, 100.0, 3, 1500.0, VV_2_100_down_3.csv, , , , , , , , , , , , , , , 
, , , , , , , Pass, 5679.26041667, 5750.0, 5250.0, 6250.0, Pass, 5679.26041667, 5750.0, 5250.0, 6250.0, Pass, 5679.26041667, 5750.0, 5250.0, 6250.0
, , , , , , , Pass, 5706.57486979, 5750.0, 5250.0, 6250.0, Pass, 5706.57486979, 5750.0, 5250.0, 6250.0, Pass, 5706.57486979, 5750.0, 5250.0, 6250.0
, , , , , , , Pass, 5671.67122396, 5750.0, 5250.0, 6250.0, Pass, 5671.67122396, 5750.0, 5250.0, 6250.0, Pass, 5671.67122396, 5750.0, 5250.0, 6250.0
, , , , , , , Pass, 5716.79296875, 5735.63333333, 3568.96666667, 6250.0, Pass, 5716.79296875, 5750.0, 3586.53333333, 6250.0, Pass, 5716.79296875, 5750.0, 3600.3, 6250.0
, , , , , , , Pass, 5141.56347656, 4318.6, 2151.93333333, 6250.0, Pass, 5141.56347656, 4346.16666667, 2179.5, 6250.0, Pass, 5141.56347656, 4355.0, 2188.33333333, 6250.0
, , , , , , , Pass, 4118.94205729, 2867.93333333, 701.266666667, 5034.6, Pass, 4118.94205729, 2894.43333333, 727.766666667, 5061.1, Pass, 4118.94205729, 2912.2, 745.533333333, 5078.86666667
, , , , , , , Pass, 2978.04752604, 1453.23333333, -500.0, 3619.9, Pass, 2978.04752604, 1482.76666667, -500.0, 3649.43333333, Pass, 2978.04752604, 1491.43333333, -500.0, 3658.1
, , , , , , , Pass, 2037.98974609, 0.0, -500.0, 2163.76666667, Pass, 2037.98974609, 31.0333333333, -500.0, 2197.7, Pass, 2037.98974609, 50.4, -500.0, 2217.06666667
, , , , , , , Pass, 122.79901123, 0.0, -500.0, 500.0, Pass, 122.79901123, 0.0, -500.0, 500.0, Pass, 122.79901123, 0.0, -500.0, 500.0
, , , , , , , Pass, -21.1346893311, 0.0, -500.0, 500.0, Pass, -21.1346893311, 0.0, -500.0, 500.0, Pass, -21.1346893311, 0.0, -500.0, 500.0
, , , , , , , Pass, -95.293762207, 0.0, -500.0, 500.0, Pass, -95.293762207, 0.0, -500.0, 500.0, Pass, -95.293762207, 0.0, -500.0, 500.0
, , , , , , , Pass, -15.7094141642, 0.0, -2129.26666667, 500.0, Pass, -15.7094141642, 0.0, -2102.43333333, 500.0, Pass, -15.7094141642, 0.0, -2104.2, 500.0
, , , , , , , Pass, -832.339518229, -1373.86666667, -3540.53333333, 500.0, Pass, -832.339518229, -1365.8, -3532.46666667, 500.0, Pass, -832.339518229, -1366.93333333, -3533.6, 500.0
, , , , , , , Pass, -1934.87597656, -2822.7, -4989.36666667, -656.033333333, Pass, -1934.87597656, -2810.6, -4977.26666667, -643.933333333, Pass, -1934.87597656, -2807.8, -4974.46666667, -641.133333333
, , , , , , , Pass, -3057.3343099, -4245.56666667, -6250.0, -2078.9, Pass, -3057.3343099, -4242.6, -6250.0, -2075.93333333, Pass, -3057.3343099, -4257.06666667, -6250.0, -2090.4
, , , , , , , Pass, -4139.47688802, -5698.9, -6250.0, -3532.23333333, Pass, -4139.47688802, -5686.0, -6250.0, -3519.33333333, Pass, -4139.47688802, -5680.7, -6250.0, -3514.03333333
, , , , , , , Pass, -5857.92773438, -5750.0, -6250.0, -5250.0, Pass, -5857.92773438, -5750.0, -6250.0, -5250.0, Pass, -5857.92773438, -5750.0, -6250.0, -5250.0
, , , , , , , Pass, -5779.87760417, -5750.0, -6250.0, -5250.0, Pass, -5779.87760417, -5750.0, -6250.0, -5250.0, Pass, -5779.87760417, -5750.0, -6250.0, -5250.0
, , , , , , , Pass, -5723.25520833, -5750.0, -6250.0, -5250.0, Pass, -5723.25520833, -5750.0, -6250.0, -5250.0, Pass, -5723.25520833, -5750.0, -6250.0, -5250.0
Pass, VV_2_100_up_3, Reactive, 100.0, 3, 1500.0, VV_2_100_up_3.csv, , , , , , , , , , , , , , , 
, , , , , , , Pass, -5758.75455729, -5750.0, -6250.0, -5250.0, Pass, -5758.75455729, -5750.0, -6250.0, -5250.0, Pass, -5758.75455729, -5750.0, -6250.0, -5250.0
, , , , , , , Pass, -5742.77669271, -5750.0, -6250.0, -5250.0, Pass, -5742.77669271, -5750.0, -6250.0, -5250.0, Pass, -5742.77669271, -5750.0, -6250.0, -5250.0
, , , , , , , Pass, -5794.09440104, -5750.0, -6250.0, -5250.0, Pass, -5794.09440104, -5750.0, -6250.0, -5250.0, Pass, -5794.09440104, -5750.0, -6250.0, -5250.0
, , , , , , , Pass, -3994.72330729, -5728.16666667, -6250.0, -3561.5, Pass, -3994.72330729, -5750.0, -6250.0, -3592.8, Pass, -3994.72330729, -5750.0, -6250.0, -3603.73333333
, , , , , , , Pass, -2948.93098958, -4322.43333333, -6250.0, -2155.76666667, Pass, -2948.93098958, -4343.5, -6250.0, -2176.83333333, Pass, -2948.93098958, -4360.36666667, -6250.0, -2193.7
, , , , , , , Pass, -1946.86051432, -2895.9, -5062.56666667, -729.233333333, Pass, -1946.86051432, -2919.73333333, -5086.4, -753.066666667, Pass, -1946.86051432, -2917.63333333, -5084.3, -750.966666667
, , , , , , , Pass, -864.330078125, -1467.26666667, -3633.93333333, 500.0, Pass, -864.330078125, -1481.0, -3647.66666667, 500.0, Pass, -864.330078125, -1494.1, -3660.76666667, 500.0
, , , , , , , Pass, 3.02189254761, -39.7333333333, -2206.4, 500.0, Pass, 3.02189254761, -57.5333333333, -2224.2, 500.0, Pass, 3.02189254761, -53.8666666667, -2220.53333333, 500.0
, , , , , , , Pass, -9.49971262614, 0.0, -500.0, 500.0, Pass, -9.49971262614, 0.0, -500.0, 500.0, Pass, -9.49971262614, 0.0, -500.0, 500.0
, , , , , , , Pass, -22.6429468791, 0.0, -500.0, 500.0, Pass, -22.6429468791, 0.0, -500.0, 500.0, Pass, -22.6429468791, 0.0, -500.0, 500.0
, , , , , , , Pass, 205.832092285, 0.0, -500.0, 500.0, Pass, 205.832092285, 0.0, -500.0, 500.0, Pass, 205.832092285, 0.0, -500.0, 500.0
, , , , , , , Pass, 2009.69742839, 0.0, -500.0, 2104.26666667, Pass, 2009.69742839, 0.0, -500.0, 2108.3, Pass, 2009.69742839, 0.0, -500.0, 2116.36666667
, , , , , , , Pass, 3108.9140625, 1387.1, -500.0, 3553.76666667, Pass, 3108.9140625, 1400.46666667, -500.0, 3567.13333333, Pass, 3108.9140625, 1406.4, -500.0, 3573.06666667
, , , , , , , Pass, 4209.76595052, 2811.13333333, 644.466666667, 4977.8, Pass, 4209.76595052, 2825.2, 658.533333333, 4991.86666667, Pass, 4209.76595052, 2825.2, 658.533333333, 4991.86666667
, , , , , , , Pass, 5202.70084635, 4262.16666667, 2095.5, 6250.0, Pass, 5202.70084635, 4280.5, 2113.83333333, 6250.0, Pass, 5202.70084635, 4290.23333333, 2123.56666667, 6250.0
, , , , , , , Pass, 5784.296875, 5685.2, 3518.53333333, 6250.0, Pass, 5784.296875, 5700.2, 3533.53333333, 6250.0, Pass, 5784.296875, 5729.03333333, 3562.36666667, 6250.0
, , , , , , , Pass, 5698.30078125, 5750.0, 5250.0, 6250.0, Pass, 5698.30078125, 5750.0, 5250.0, 6250.0, Pass, 5698.30078125, 5750.0, 5250.0, 6250.0
, , , , , , , Pass, 5736.62630208, 5750.0, 5250.0, 6250.0, Pass, 5736.62630208, 5750.0, 5250.0, 6250.0, Pass, 5736.62630208, 5750.0, 5250.0, 6250.0
, , , , , , , Pass, 5829.04427083, 5750.0, 5250.0, 6250.0, Pass, 5829.04427083, 5750.0, 5250.0, 6250.0, Pass, 5829.04427083, 5750.0, 5250.0, 6250.0
Pass, VV_2_66_down_1, Reactive, 66.0, 5, 1500.0, VV_2_66_down_1.csv, , , , , , , , , , , , , , , 
, , , , , , , Pass, 5706.20117188, 5750.0, 5250.0, 6250.0, Pass, 5706.20117188, 5750.0, 5250.0, 6250.0, Pass, 5706.20117188, 5750.0, 5250.0, 6250.0
, , , , , , , Pass, 5821.32096354, 5750.0, 5250.0, 6250.0, Pass, 5821.32096354, 5750.0, 5250.0, 6250.0, Pass, 5821.32096354, 5750.0, 5250.0, 6250.0
, , , , , , , Pass, 5646.08072917, 5750.0, 5250.0, 6250.0, Pass, 5646.08072917, 5750.0, 5250.0, 6250.0, Pass, 5646.08072917, 5750.0, 5250.0, 6250.0
, , , , , , , Pass, 5756.140625, 5750.0, 3634.4, 6250.0, Pass, 5756.140625, 5750.0, 3629.8, 6250.0, Pass, 5756.140625, 5750.0, 3622.83333333, 6250.0
, , , , , , , Pass, 5165.59667969, 4367.6, 2200.93333333, 6250.0, Pass, 5165.59667969, 4346.33333333, 2179.66666667, 6250.0, Pass, 5165.59667969, 4327.76666667, 2161.1, 6250.0
, , , , , , , Pass, 4199.05273438, 2930.53333333, 763.866666667, 5097.2, Pass, 4199.05273438, 2904.13333333, 737.466666667, 5070.8, Pass, 4199.05273438, 2894.4, 727.733333333, 5061.06666667
, , , , , , , Pass, 3148.88378906, 1470.43333333, -500.0, 3637.1, Pass, 3148.88378906, 1433.16666667, -500.0, 3599.83333333, Pass, 3148.88378906, 1416.56666667, -500.0, 3583.23333333
, , , , , , , Pass, 2035.62044271, 17.5, -500.0, 2184.16666667, Pass, 2035.62044271, 0.0, -500.0, 2149.56666667, Pass, 2035.62044271, 0.0, -500.0, 2145.06666667
, , , , , , , Pass, 210.397867839, 0.0, -500.0, 500.0, Pass, 210.397867839, 0.0, -500.0, 500.0, Pass, 210.397867839, 0.0, -500.0, 500.0
, , , , , , , Pass, -52.4065500895, 0.0, -500.0, 500.0, Pass, -52.4065500895, 0.0, -500.0, 500.0, Pass, -52.4065500895, 0.0, -500.0, 500.0
, , , , , , , Pass, 5.96101252238, 0.0, -500.0, 500.0, Pass, 5.96101252238, 0.0, -500.0, 500.0, Pass, 5.96101252238, 0.0, -500.0, 500.0
, , , , , , , Pass, 5.55726369222, -49.9, -2216.56666667, 500.0, Pass, 5.55726369222, -61.2, -2227.86666667, 500.0, Pass, 5.55726369222, -55.9333333333, -2222.6, 500.0
, , , , , , , Pass, -825.925374349, -1488.7, -3655.36666667, 500.0, Pass, -825.925374349, -1491.03333333, -3657.7, 500.0, Pass, -825.925374349, -1482.1, -3648.76666667, 500.0
, , , , , , , Pass, -1892.11865234, -2933.13333333, -5099.8, -766.466666667, Pass, -1892.11865234, -2929.66666667, -5096.33333333, -763.0, Pass, -1892.11865234, -2910.33333333, -5077.0, -743.666666667
, , , , , , , Pass, -2899.48665365, -4348.9, -6250.0, -2182.23333333, Pass, -2899.48665365, -4324.26666667, -6250.0, -2157.6, Pass, -2899.48665365, -4322.46666667, -6250.0, -2155.8
, , , , , , , Pass, -3991.82519531, -5750.0, -6250.0, -3632.83333333, Pass, -3991.82519531, -5750.0, -6250.0, -3610.9, Pass, -3991.82519531, -5750.0, -6250.0, -3599.46666667
, , , , , , , Pass, -5802.51822917, -5750.0, -6250.0, -5250.0, Pass, -5802.51822917, -5750.0, -6250.0, -5250.0, Pass, -5802.51822917, -5750.0, -6250.0, -5250.0
, , , , , , , Pass, -5766.41341146, -5750.0, -6250.0, -5250.0, Pass, -5766.41341146, -5750.0, -6250.0, -5250.0, Pass, -5766.41341146, -5750.0, -6250.0, -5250.0
, , , , , , , Pass, -5791.87825521, -5750.0, -6250.0, -5250.0, Pass, -5791.87825521, -5750.0, -6250.0, -5250.0, Pass, -5791.87825521, -5750.0, -6250.0, -5250.0
Pass, VV_2_66_up_1, Reactive, 66.0, 5, 1500.0, VV_2_66_up_1.csv, , , , , , , , , , , , , , , 
, , , , , , , Pass, -5763.91276042, -5750.0, -6250.0, -5250.0, Pass, -5763.91276042, -5750.0, -6250.0, -5250.0, Pass, -5763.91276042, -5750.0, -6250.0, -5250.0
, , , , , , , Pass, -5751.08333333, -5750.0, -6250.0, -5250.0, Pass, -5751.08333333, -5750.0, -6250.0, -5250.0, Pass, -5751.08333333, -5750.0, -6250.0, -5250.0
, , , , , , , Pass, -5790.34049479, -5750.0, -6250.0, -5250.0, Pass, -5790.34049479, -5750.0, -6250.0, -5250.0, Pass, -5790.34049479, -5750.0, -6250.0, -5250.0
, , , , , , , Pass, -3963.52766927, -5700.46666667, -6250.0, -3533.8, Pass, -3963.52766927, -5736.4, -6250.0, -3569.73333333, Pass, -3963.52766927, -5749.9, -6250.0, -3583.23333333
, , , , , , , Pass, -2929.04947917, -4293.76666667, -6250.0, -2127.1, Pass, -2929.04947917, -4328.3, -6250.0, -2161.63333333, Pass, -2929.04947917, -4344.16666667, -6250.0, -2177.5
, , , , , , , Pass, -1871.49104818, -2868.0, -5034.66666667, -701.333333333, Pass, -1871.49104818, -2900.76666667, -5067.43333333, -734.1, Pass, -1871.49104818, -2912.76666667, -5079.43333333, -746.1
, , , , , , , Pass, -842.209065755, -1468.26666667, -3634.93333333, 500.0, Pass, -842.209065755, -1484.26666667, -3650.93333333, 500.0, Pass, -842.209065755, -1494.66666667, -3661.33333333, 500.0
, , , , , , , Pass, 24.7153345744, -30.9666666667, -2197.63333333, 500.0, Pass, 24.7153345744, -55.5, -2222.16666667, 500.0, Pass, 24.7153345744, -56.4666666667, -2223.13333333, 500.0
, , , , , , , Pass, -60.9687398275, 0.0, -500.0, 500.0, Pass, -60.9687398275, 0.0, -500.0, 500.0, Pass, -60.9687398275, 0.0, -500.0, 500.0
, , , , , , , Pass, -34.6344604492, 0.0, -500.0, 500.0, Pass, -34.6344604492, 0.0, -500.0, 500.0, Pass, -34.6344604492, 0.0, -500.0, 500.0
, , , , , , , Pass, 183.520955404, 0.0, -500.0, 500.0, Pass, 183.520955404, 0.0, -500.0, 500.0, Pass, 183.520955404, 0.0, -500.0, 500.0
, , , , , , , Fail, 2109.10660807, 0.0, -500.0, 2101.26666667, Fail, 2109.10660807, 0.0, -500.0, 2100.73333333, Pass, 2109.10660807, 0.0, -500.0, 2113.76666667
, , , , , , , Pass, 3178.54817708, 1385.76666667, -500.0, 3552.43333333, Pass, 3178.54817708, 1396.9, -500.0, 3563.56666667, Pass, 3178.54817708, 1397.86666667, -500.0, 3564.53333333
, , , , , , , Pass, 4263.26432292, 2806.7, 640.033333333, 4973.36666667, Pass, 4263.26432292, 2831.3, 664.633333333, 4997.96666667, Pass, 4263.26432292, 2841.76666667, 675.1, 5008.43333333
, , , , , , , Pass, 5254.31054688, 4268.06666667, 2101.4, 6250.0, Pass, 5254.31054688, 4290.5, 2123.83333333, 6250.0, Pass, 5254.31054688, 4302.4, 2135.73333333, 6250.0
, , , , , , , Pass, 5813.40690104, 5697.0, 3530.33333333, 6250.0, Pass, 5813.40690104, 5725.23333333, 3558.56666667, 6250.0, Pass, 5813.40690104, 5750.0, 3583.36666667, 6250.0
, , , , , , , Pass, 5806.70052083, 5750.0, 5250.0, 6250.0, Pass, 5806.70052083, 5750.0, 5250.0, 6250.0, Pass, 5806.70052083, 5750.0, 5250.0, 6250.0
, , , , , , , Pass, 5755.10481771, 5750.0, 5250.0, 6250.0, Pass, 5755.10481771, 5750.0, 5250.0, 6250.0, Pass, 5755.10481771, 5750.0, 5250.0, 6250.0
, , , , , , , Pass, 5667.38932292, 5750.0, 5250.0, 6250.0, Pass, 5667.38932292, 5750.0, 5250.0, 6250.0, Pass, 5667.38932292, 5750.0, 5250.0, 6250.0
Fail, VV_2_66_down_2, Reactive, 66.0, 5, 1500.0, VV_2_66_down_2.csv, , , , , , , , , , , , , , , 
, , , , , , , Pass, 5754.16341146, 5750.0, 5250.0, 6250.0, Pass, 5754.16341146, 5750.0, 5250.0, 6250.0, Pass, 5754.16341146, 5750.0, 5250.0, 6250.0
, , , , , , , Pass, 5740.07291667, 5750.0, 5250.0, 6250.0, Pass, 5740.07291667, 5750.0, 5250.0, 6250.0, Pass, 5740.07291667, 5750.0, 5250.0, 6250.0
, , , , , , , Pass, 5725.15885417, 5750.0, 5250.0, 6250.0, Pass, 5725.15885417, 5750.0, 5250.0, 6250.0, Pass, 5725.15885417, 5750.0, 5250.0, 6250.0
, , , , , , , Pass, 5721.37695312, 5727.66666667, 3561.0, 6250.0, Pass, 5721.37695312, 5709.36666667, 3542.7, 6250.0, Pass, 5721.37695312, 5704.43333333, 3537.76666667, 6250.0
, , , , , , , Pass, 5272.39453125, 4287.2, 2120.53333333, 6250.0, Pass, 5272.39453125, 4261.06666667, 2094.4, 6250.0, Pass, 5272.39453125, 4250.9, 2084.23333333, 6250.0
, , , , , , , Pass, 4168.69303385, 2831.1, 664.433333333, 4997.76666667, Pass, 4168.69303385, 2814.03333333, 647.366666667, 4980.7, Pass, 4168.69303385, 2812.66666667, 646.0, 4979.33333333
, , , , , , , Pass, 3093.00585938, 1395.86666667, -500.0, 3562.53333333, Pass, 3093.00585938, 1386.3, -500.0, 3552.96666667, Pass, 3093.00585938, 1376.1, -500.0, 3542.76666667
, , , , , , , Fail, 2153.23144531, 0.0, -500.0, 2112.56666667, Fail, 2153.23144531, 0.0, -500.0, 2109.23333333, Fail, 2153.23144531, 0.0, -500.0, 2112.4
, , , , , , , Pass, 269.736104329, 0.0, -500.0, 500.0, Pass, 269.736104329, 0.0, -500.0, 500.0, Pass, 269.736104329, 0.0, -500.0, 500.0
, , , , , , , Pass, 0.586701790492, 0.0, -500.0, 500.0, Pass, 0.586701790492, 0.0, -500.0, 500.0, Pass, 0.586701790492, 0.0, -500.0, 500.0
, , , , , , , Pass, -50.0611063639, 0.0, -500.0, 500.0, Pass, -50.0611063639, 0.0, -500.0, 500.0, Pass, -50.0611063639, 0.0, -500.0, 500.0
, , , , , , , Pass, 30.8339335124, -63.2333333333, -2229.9, 500.0, Pass, 30.8339335124, -39.8, -2206.46666667, 500.0, Pass, 30.8339335124, -28.1, -2194.76666667, 500.0
, , , , , , , Pass, -818.932942708, -1474.9, -3641.56666667, 500.0, Pass, -818.932942708, -1456.63333333, -3623.3, 500.0, Pass, -818.932942708, -1453.46666667, -3620.13333333, 500.0
, , , , , , , Pass, -1893.5843099, -2918.3, -5084.96666667, -751.633333333, Pass, -1893.5843099, -2893.63333333, -5060.3, -726.966666667, Pass, -1893.5843099, -2874.9, -5041.56666667, -708.233333333
, , , , , , , Pass, -2922.4860026, -4336.73333333, -6250.0, -2170.06666667, Pass, -2922.4860026, -4308.6, -6250.0, -2141.93333333, Pass, -2922.4860026, -4304.5, -6250.0, -2137.83333333
, , , , , , , Pass, -3923.23046875, -5750.0, -6250.0, -3604.63333333, Pass, -3923.23046875, -5742.66666667, -6250.0, -3576.0, Pass, -3923.23046875, -5727.16666667, -6250.0, -3560.5
, , , , , , , Pass, -5747.54817708, -5750.0, -6250.0, -5250.0, Pass, -5747.54817708, -5750.0, -6250.0, -5250.0, Pass, -5747.54817708, -5750.0, -6250.0, -5250.0
, , , , , , , Pass, -5792.52929688, -5750.0, -6250.0, -5250.0, Pass, -5792.52929688, -5750.0, -6250.0, -5250.0, Pass, -5792.52929688, -5750.0, -6250.0, -5250.0
, , , , , , , Pass, -5706.28450521, -5750.0, -6250.0, -5250.0, Pass, -5706.28450521, -5750.0, -6250.0, -5250.0, Pass, -5706.28450521, -5750.0, -6250.0, -5250.0
Fail, VV_2_66_up_2, Reactive, 66.0, 5, 1500.0, VV_2_66_up_2.csv, , , , , , , , , , , , , , , 
, , , , , , , Pass, -5808.27278646, -5750.0, -6250.0, -5250.0, Pass, -5808.27278646, -5750.0, -6250.0, -5250.0, Pass, -5808.27278646, -5750.0, -6250.0, -5250.0
, , , , , , , Pass, -5797.53971354, -5750.0, -6250.0, -5250.0, Pass, -5797.53971354, -5750.0, -6250.0, -5250.0, Pass, -5797.53971354, -5750.0, -6250.0, -5250.0
, , , , , , , Pass, -5775.83333333, -5750.0, -6250.0, -5250.0, Pass, -5775.83333333, -5750.0, -6250.0, -5250.0, Pass, -5775.83333333, -5750.0, -6250.0, -5250.0
, , , , , , , Pass, -3983.62565104, -5697.03333333, -6250.0, -3530.36666667, Pass, -3983.62565104, -5729.36666667, -6250.0, -3562.7, Pass, -3983.62565104, -5734.23333333, -6250.0, -3567.56666667
, , , , , , , Pass, -2955.16015625, -4261.8, -6250.0, -2095.13333333, Pass, -2955.16015625, -4298.86666667, -6250.0, -2132.2, Pass, -2955.16015625, -4317.26666667, -6250.0, -2150.6
, , , , , , , Pass, -1855.20865885, -2847.16666667, -5013.83333333, -680.5, Pass, -1855.20865885, -2884.4, -5051.06666667, -717.733333333, Pass, -1855.20865885, -2890.1, -5056.76666667, -723.433333333
, , , , , , , Pass, -781.577148438, -1417.83333333, -3584.5, 500.0, Pass, -781.577148438, -1447.86666667, -3614.53333333, 500.0, Pass, -781.577148438, -1466.93333333, -3633.6, 500.0
, , , , , , , Pass, 23.3353246053, 0.0, -2159.83333333, 500.0, Pass, 23.3353246053, -23.6333333333, -2190.3, 500.0, Pass, 23.3353246053, -29.6666666667, -2196.33333333, 500.0
, , , , , , , Pass, -36.9432805379, 0.0, -500.0, 500.0, Pass, -36.9432805379, 0.0, -500.0, 500.0, Pass, -36.9432805379, 0.0, -500.0, 500.0
, , , , , , , Pass, 44.3696797689, 0.0, -500.0, 500.0, Pass, 44.3696797689, 0.0, -500.0, 500.0, Pass, 44.3696797689, 0.0, -500.0, 500.0
, , , , , , , Pass, 213.787780762, 0.0, -500.0, 500.0, Pass, 213.787780762, 0.0, -500.0, 500.0, Pass, 213.787780762, 0.0, -500.0, 500.0
, , , , , , , Pass, 2118.95654297, 0.0, -500.0, 2131.13333333, Fail, 2118.95654297, 0.0, -500.0, 2115.86666667, Fail, 2118.95654297, 0.0, -500.0, 2111.33333333
, , , , , , , Pass, 3160.31998698, 1403.1, -500.0, 3569.76666667, Pass, 3160.31998698, 1386.9, -500.0, 3553.56666667, Pass, 3160.31998698, 1375.96666667, -500.0, 3542.63333333
, , , , , , , Pass, 4228.49674479, 2831.0, 664.333333333, 4997.66666667, Pass, 4228.49674479, 2813.2, 646.533333333, 4979.86666667, Pass, 4228.49674479, 2814.86666667, 648.2, 4981.53333333
, , , , , , , Pass, 5239.3219401, 4268.83333333, 2102.16666667, 6250.0, Pass, 5239.3219401, 4254.03333333, 2087.36666667, 6250.0, Pass, 5239.3219401, 4251.7, 2085.03333333, 6250.0
, , , , , , , Pass, 5780.92382812, 5692.83333333, 3526.16666667, 6250.0, Pass, 5780.92382812, 5684.03333333, 3517.36666667, 6250.0, Pass, 5780.92382812, 5687.06666667, 3520.4, 6250.0
, , , , , , , Pass, 5763.12174479, 5750.0, 5250.0, 6250.0, Pass, 5763.12174479, 5750.0, 5250.0, 6250.0, Pass, 5763.12174479, 5750.0, 5250.0, 6250.0
, , , , , , , Pass, 5711.31119792, 5750.0, 5250.0, 6250.0, Pass, 5711.31119792, 5750.0, 5250.0, 6250.0, Pass, 5711.31119792, 5750.0, 5250.0, 6250.0
, , , , , , , Pass, 5677.4453125, 5750.0, 5250.0, 6250.0, Pass, 5677.4453125, 5750.0, 5250.0, 6250.0, Pass, 5677.4453125, 5750.0, 5250.0, 6250.0
Fail, VV_2_66_down_3, Reactive, 66.0, 5, 1500.0, VV_2_66_down_3.csv, , , , , , , , , , , , , , , 
, , , , , , , Pass, 5748.14192708, 5750.0, 5250.0, 6250.0, Pass, 5748.14192708, 5750.0, 5250.0, 6250.0, Pass, 5748.14192708, 5750.0, 5250.0, 6250.0
, , , , , , , Pass, 5670.9921875, 5750.0, 5250.0, 6250.0, Pass, 5670.9921875, 5750.0, 5250.0, 6250.0, Pass, 5670.9921875, 5750.0, 5250.0, 6250.0
, , , , , , , Pass, 5652.53776042, 5750.0, 5250.0, 6250.0, Pass, 5652.53776042, 5750.0, 5250.0, 6250.0, Pass, 5652.53776042, 5750.0, 5250.0, 6250.0
, , , , , , , Pass, 5836.39778646, 5750.0, 3589.73333333, 6250.0, Pass, 5836.39778646, 5750.0, 3623.06666667, 6250.0, Pass, 5836.39778646, 5750.0, 3628.76666667, 6250.0
, , , , , , , Pass, 5182.19335938, 4321.1, 2154.43333333, 6250.0, Pass, 5182.19335938, 4353.2, 2186.53333333, 6250.0, Pass, 5182.19335938, 4358.16666667, 2191.5, 6250.0
, , , , , , , Pass, 4071.31835938, 2905.26666667, 738.6, 5071.93333333, Pass, 4071.31835938, 2928.53333333, 761.866666667, 5095.2, Pass, 4071.31835938, 2932.83333333, 766.166666667, 5099.5
, , , , , , , Pass, 3135.67415365, 1482.46666667, -500.0, 3649.13333333, Pass, 3135.67415365, 1499.73333333, -500.0, 3666.4, Pass, 3135.67415365, 1497.63333333, -500.0, 3664.3
, , , , , , , Pass, 2050.46826172, 55.7666666667, -500.0, 2222.43333333, Pass, 2050.46826172, 71.4666666667, -500.0, 2238.13333333, Pass, 2050.46826172, 68.2333333333, -500.0, 2234.9
, , , , , , , Pass, 218.930989583, 0.0, -500.0, 500.0, Pass, 218.930989583, 0.0, -500.0, 500.0, Pass, 218.930989583, 0.0, -500.0, 500.0
, , , , , , , Pass, 8.20712534587, 0.0, -500.0, 500.0, Pass, 8.20712534587, 0.0, -500.0, 500.0, Pass, 8.20712534587, 0.0, -500.0, 500.0
, , , , , , , Pass, 4.18325106303, 0.0, -500.0, 500.0, Pass, 4.18325106303, 0.0, -500.0, 500.0, Pass, 4.18325106303, 0.0, -500.0, 500.0
, , , , , , , Pass, 36.1890869141, 0.0, -2092.5, 500.0, Pass, 36.1890869141, 0.0, -2108.23333333, 500.0, Pass, 36.1890869141, 0.0, -2113.7, 500.0
, , , , , , , Pass, -882.332356771, -1370.63333333, -3537.3, 500.0, Pass, -882.332356771, -1396.2, -3562.86666667, 500.0, Pass, -882.332356771, -1423.16666667, -3589.83333333, 500.0
, , , , , , , Pass, -2006.38330078, -2807.26666667, -4973.93333333, -640.6, Pass, -2006.38330078, -2835.5, -5002.16666667, -668.833333333, Pass, -2006.38330078, -2842.8, -5009.46666667, -676.133333333
, , , , , , , Pass, -3001.05598958, -4253.53333333, -6250.0, -2086.86666667, Pass, -3001.05598958, -4278.03333333, -6250.0, -2111.36666667, Pass, -3001.05598958, -4302.73333333, -6250.0, -2136.06666667
, , , , , , , Pass, -3960.14257812, -5686.5, -6250.0, -3519.83333333, Pass, -3960.14257812, -5715.3, -6250.0, -3548.63333333, Pass, -3960.14257812, -5723.5, -6250.0, -3556.83333333
, , , , , , , Pass, -5770.71809896, -5750.0, -6250.0, -5250.0, Pass, -5770.71809896, -5750.0, -6250.0, -5250.0, Pass, -5770.71809896, -5750.0, -6250.0, -5250.0
, , , , , , , Pass, -5771.55989583, -5750.0, -6250.0, -5250.0, Pass, -5771.55989583, -5750.0, -6250.0, -5250.0, Pass, -5771.55989583, -5750.0, -6250.0, -5250.0
, , , , , , , Pass, -5800.41276042, -5750.0, -6250.0, -5250.0, Pass, -5800.41276042, -5750.0, -6250.0, -5250.0, Pass, -5800.41276042, -5750.0, -6250.0, -5250.0
Pass, VV_2_66_up_3, Reactive, 66.0, 5, 1500.0, VV_2_66_up_3.csv, , , , , , , , , , , , , , , 
, , , , , , , Pass, -5815.28385417, -5750.0, -6250.0, -5250.0, Pass, -5815.28385417, -5750.0, -6250.0, -5250.0, Pass, -5815.28385417, -5750.0, -6250.0, -5250.0
, , , , , , , Pass, -5770.07552083, -5750.0, -6250.0, -5250.0, Pass, -5770.07552083, -5750.0, -6250.0, -5250.0, Pass, -5770.07552083, -5750.0, -6250.0, -5250.0
, , , , , , , Pass, -5769.46549479, -5750.0, -6250.0, -5250.0, Pass, -5769.46549479, -5750.0, -6250.0, -5250.0, Pass, -5769.46549479, -5750.0, -6250.0, -5250.0
, , , , , , , Pass, -3985.79720052, -5750.0, -6250.0, -3624.33333333, Pass, -3985.79720052, -5750.0, -6250.0, -3613.83333333, Pass, -3985.79720052, -5750.0, -6250.0, -3615.8
, , , , , , , Pass, -2925.31705729, -4360.63333333, -6250.0, -2193.96666667, Pass, -2925.31705729, -4348.93333333, -6250.0, -2182.26666667, Pass, -2925.31705729, -4338.33333333, -6250.0, -2171.66666667
, , , , , , , Pass, -1903.73925781, -2919.6, -5086.26666667, -752.933333333, Pass, -1903.73925781, -2911.36666667, -5078.03333333, -744.7, Pass, -1903.73925781, -2905.53333333, -5072.2, -738.866666667
, , , , , , , Pass, -866.317789714, -1497.63333333, -3664.3, 500.0, Pass, -866.317789714, -1472.9, -3639.56666667, 500.0, Pass, -866.317789714, -1453.9, -3620.56666667, 500.0
, , , , , , , Pass, 17.3683573405, -45.8, -2212.46666667, 500.0, Pass, 17.3683573405, -28.5, -2195.16666667, 500.0, Pass, 17.3683573405, -25.2333333333, -2191.9, 500.0
, , , , , , , Pass, 4.89091300964, 0.0, -500.0, 500.0, Pass, 4.89091300964, 0.0, -500.0, 500.0, Pass, 4.89091300964, 0.0, -500.0, 500.0
, , , , , , , Pass, -77.7779744466, 0.0, -500.0, 500.0, Pass, -77.7779744466, 0.0, -500.0, 500.0, Pass, -77.7779744466, 0.0, -500.0, 500.0
, , , , , , , Pass, 85.6032816569, 0.0, -500.0, 500.0, Pass, 85.6032816569, 0.0, -500.0, 500.0, Pass, 85.6032816569, 0.0, -500.0, 500.0
, , , , , , , Pass, 1892.93473307, 0.0, -500.0, 2130.13333333, Pass, 1892.93473307, 0.0, -500.0, 2150.63333333, Pass, 1892.93473307, 0.0, -500.0, 2159.5
, , , , , , , Pass, 3042.24251302, 1405.26666667, -500.0, 3571.93333333, Pass, 3042.24251302, 1429.93333333, -500.0, 3596.6, Pass, 3042.24251302, 1460.7, -500.0, 3627.36666667
, , , , , , , Pass, 4128.43229167, 2859.03333333, 692.366666667, 5025.7, Pass, 4128.43229167, 2888.36666667, 721.7, 5055.03333333, Pass, 4128.43229167, 2898.4, 731.733333333, 5065.06666667
, , , , , , , Pass, 5185.95703125, 4288.73333333, 2122.06666667, 6250.0, Pass, 5185.95703125, 4324.26666667, 2157.6, 6250.0, Pass, 5185.95703125, 4346.0, 2179.33333333, 6250.0
, , , , , , , Pass, 5756.24674479, 5736.7, 3570.03333333, 6250.0, Pass, 5756.24674479, 5750.0, 3593.66666667, 6250.0, Pass, 5756.24674479, 5750.0, 3602.2, 6250.0
, , , , , , , Pass, 5774.27734375, 5750.0, 5250.0, 6250.0, Pass, 5774.27734375, 5750.0, 5250.0, 6250.0, Pass, 5774.27734375, 5750.0, 5250.0, 6250.0
, , , , , , , Pass, 5808.64583333, 5750.0, 5250.0, 6250.0, Pass, 5808.64583333, 5750.0, 5250.0, 6250.0, Pass, 5808.64583333, 5750.0, 5250.0, 6250.0
, , , , , , , Pass, 5784.17252604, 5750.0, 5250.0, 6250.0, Pass, 5784.17252604, 5750.0, 5250.0, 6250.0, Pass, 5784.17252604, 5750.0, 5250.0, 6250.0
Pass, VV_2_66_down_4, Reactive, 66.0, 5, 1500.0, VV_2_66_down_4.csv, , , , , , , , , , , , , , , 
, , , , , , , Pass, 5761.54947917, 5750.0, 5250.0, 6250.0, Pass, 5761.54947917, 5750.0, 5250.0, 6250.0, Pass, 5761.54947917, 5750.0, 5250.0, 6250.0
, , , , , , , Pass, 5747.48697917, 5750.0, 5250.0, 6250.0, Pass, 5747.48697917, 5750.0, 5250.0, 6250.0, Pass, 5747.48697917, 5750.0, 5250.0, 6250.0
, , , , , , , Pass, 5707.80533854, 5750.0, 5250.0, 6250.0, Pass, 5707.80533854, 5750.0, 5250.0, 6250.0, Pass, 5707.80533854, 5750.0, 5250.0, 6250.0
, , , , , , , Pass, 5712.99153646, 5749.43333333, 3582.76666667, 6250.0, Pass, 5712.99153646, 5720.6, 3553.93333333, 6250.0, Pass, 5712.99153646, 5704.0, 3537.33333333, 6250.0
, , , , , , , Pass, 5034.62923177, 4293.06666667, 2126.4, 6250.0, Pass, 5034.62923177, 4271.76666667, 2105.1, 6250.0, Pass, 5034.62923177, 4267.46666667, 2100.8, 6250.0
, , , , , , , Pass, 4077.48893229, 2882.43333333, 715.766666667, 5049.1, Pass, 4077.48893229, 2854.06666667, 687.4, 5020.73333333, Pass, 4077.48893229, 2834.8, 668.133333333, 5001.46666667
, , , , , , , Pass, 2986.2890625, 1424.46666667, -500.0, 3591.13333333, Pass, 2986.2890625, 1398.16666667, -500.0, 3564.83333333, Pass, 2986.2890625, 1400.86666667, -500.0, 3567.53333333
, , , , , , , Pass, 1978.26236979, 3.36666666667, -500.0, 2170.03333333, Pass, 1978.26236979, 0.0, -500.0, 2142.3, Pass, 1978.26236979, 0.0, -500.0, 2125.96666667
, , , , , , , Pass, 17.2073059082, 0.0, -500.0, 500.0, Pass, 17.2073059082, 0.0, -500.0, 500.0, Pass, 17.2073059082, 0.0, -500.0, 500.0
, , , , , , , Pass, -5.74467086792, 0.0, -500.0, 500.0, Pass, -5.74467086792, 0.0, -500.0, 500.0, Pass, -5.74467086792, 0.0, -500.0, 500.0
, , , , , , , Pass, -17.3717943827, 0.0, -500.0, 500.0, Pass, -17.3717943827, 0.0, -500.0, 500.0, Pass, -17.3717943827, 0.0, -500.0, 500.0
, , , , , , , Pass, -36.3577982585, -21.1666666667, -2187.83333333, 500.0, Pass, -36.3577982585, -39.9, -2206.56666667, 500.0, Pass, -36.3577982585, -51.0, -2217.66666667, 500.0
, , , , , , , Pass, -1011.81013997, -1480.1, -3646.76666667, 500.0, Pass, -1011.81013997, -1496.2, -3662.86666667, 500.0, Pass, -1011.81013997, -1490.43333333, -3657.1, 500.0
, , , , , , , Pass, -2012.24739583, -2905.43333333, -5072.1, -738.766666667, Pass, -2012.24739583, -2918.8, -5085.46666667, -752.133333333, Pass, -2012.24739583, -2926.9, -5093.56666667, -760.233333333
, , , , , , , Pass, -3048.96191406, -4354.36666667, -6250.0, -2187.7, Pass, -3048.96191406, -4364.93333333, -6250.0, -2198.26666667, Pass, -3048.96191406, -4357.93333333, -6250.0, -2191.26666667
, , , , , , , Pass, -4163.12695312, -5750.0, -6250.0, -3618.46666667, Pass, -4163.12695312, -5750.0, -6250.0, -3621.96666667, Pass, -4163.12695312, -5750.0, -6250.0, -3627.5
, , , , , , , Pass, -5801.1328125, -5750.0, -6250.0, -5250.0, Pass, -5801.1328125, -5750.0, -6250.0, -5250.0, Pass, -5801.1328125, -5750.0, -6250.0, -5250.0
, , , , , , , Pass, -5783.31510417, -5750.0, -6250.0, -5250.0, Pass, -5783.31510417, -5750.0, -6250.0, -5250.0, Pass, -5783.31510417, -5750.0, -6250.0, -5250.0
, , , , , , , Pass, -5738.60677083, -5750.0, -6250.0, -5250.0, Pass, -5738.60677083, -5750.0, -6250.0, -5250.0, Pass, -5738.60677083, -5750.0, -6250.0, -5250.0
Pass, VV_2_66_up_4, Reactive, 66.0, 5, 1500.0, VV_2_66_up_4.csv, , , , , , , , , , , , , , , 
, , , , , , , Pass, -5793.20442708, -5750.0, -6250.0, -5250.0, Pass, -5793.20442708, -5750.0, -6250.0, -5250.0, Pass, -5793.20442708, -5750.0, -6250.0, -5250.0
, , , , , , , Pass, -5783.16992188, -5750.0, -6250.0, -5250.0, Pass, -5783.16992188, -5750.0, -6250.0, -5250.0, Pass, -5783.16992188, -5750.0, -6250.0, -5250.0
, , , , , , , Pass, -5745.17382812, -5750.0, -6250.0, -5250.0, Pass, -5745.17382812, -5750.0, -6250.0, -5250.0, Pass, -5745.17382812, -5750.0, -6250.0, -5250.0
, , , , , , , Pass, -4163.08463542, -5728.63333333, -6250.0, -3561.96666667, Pass, -4163.08463542, -5704.23333333, -6250.0, -3537.56666667, Pass, -4163.08463542, -5690.96666667, -6250.0, -3524.3
, , , , , , , Pass, -3125.57226562, -4267.73333333, -6250.0, -2101.06666667, Pass, -3125.57226562, -4243.33333333, -6250.0, -2076.66666667, Pass, -3125.57226562, -4240.66666667, -6250.0, -2074.0
, , , , , , , Pass, -2068.88769531, -2849.36666667, -5016.03333333, -682.7, Pass, -2068.88769531, -2814.13333333, -4980.8, -647.466666667, Pass, -2068.88769531, -2807.0, -4973.66666667, -640.333333333
, , , , , , , Pass, -997.592122396, -1380.43333333, -3547.1, 500.0, Pass, -997.592122396, -1363.73333333, -3530.4, 500.0, Pass, -997.592122396, -1364.46666667, -3531.13333333, 500.0
, , , , , , , Pass, -16.3746439616, 0.0, -2126.36666667, 500.0, Pass, -16.3746439616, 0.0, -2101.46666667, 500.0, Pass, -16.3746439616, 0.0, -2092.9, 500.0
, , , , , , , Pass, -51.1972757975, 0.0, -500.0, 500.0, Pass, -51.1972757975, 0.0, -500.0, 500.0, Pass, -51.1972757975, 0.0, -500.0, 500.0
, , , , , , , Pass, -25.5745061239, 0.0, -500.0, 500.0, Pass, -25.5745061239, 0.0, -500.0, 500.0, Pass, -25.5745061239, 0.0, -500.0, 500.0
, , , , , , , Pass, -54.6586405436, 0.0, -500.0, 500.0, Pass, -54.6586405436, 0.0, -500.0, 500.0, Pass, -54.6586405436, 0.0, -500.0, 500.0
, , , , , , , Pass, 1820.87939453, 56.2333333333, -500.0, 2222.9, Pass, 1820.87939453, 71.6, -500.0, 2238.26666667, Pass, 1820.87939453, 58.2666666667, -500.0, 2224.93333333
, , , , , , , Pass, 2859.46679688, 1498.8, -500.0, 3665.46666667, Pass, 2859.46679688, 1493.73333333, -500.0, 3660.4, Pass, 2859.46679688, 1468.6, -500.0, 3635.26666667
, , , , , , , Pass, 3898.68457031, 2937.83333333, 771.166666667, 5104.5, Pass, 3898.68457031, 2905.46666667, 738.8, 5072.13333333, Pass, 3898.68457031, 2892.6, 725.933333333, 5059.26666667
, , , , , , , Pass, 4916.36816406, 4352.6, 2185.93333333, 6250.0, Pass, 4916.36816406, 4324.73333333, 2158.06666667, 6250.0, Pass, 4916.36816406, 4297.66666667, 2131.0, 6250.0
, , , , , , , Pass, 5739.45833333, 5750.0, 3615.36666667, 6250.0, Pass, 5739.45833333, 5750.0, 3583.33333333, 6250.0, Pass, 5739.45833333, 5736.43333333, 3569.76666667, 6250.0
, , , , , , , Pass, 5792.62109375, 5750.0, 5250.0, 6250.0, Pass, 5792.62109375, 5750.0, 5250.0, 6250.0, Pass, 5792.62109375, 5750.0, 5250.0, 6250.0
, , , , , , , Pass, 5754.14453125, 5750.0, 5250.0, 6250.0, Pass, 5754.14453125, 5750.0, 5250.0, 6250.0, Pass, 5754.14453125, 5750.0, 5250.0, 6250.0
, , , , , , , Pass, 5701.38867188, 5750.0, 5250.0, 6250.0, Pass, 5701.38867188, 5750.0, 5250.0, 6250.0, Pass, 5701.38867188, 5750.0, 5250.0, 6250.0
Pass, VV_2_66_down_5, Reactive, 66.0, 5, 1500.0, VV_2_66_down_5.csv, , , , , , , , , , , , , , , 
, , , , , , , Pass, 5756.57226562, 5750.0, 5250.0, 6250.0, Pass, 5756.57226562, 5750.0, 5250.0, 6250.0, Pass, 5756.57226562, 5750.0, 5250.0, 6250.0
, , , , , , , Pass, 5815.96223958, 5750.0, 5250.0, 6250.0, Pass, 5815.96223958, 5750.0, 5250.0, 6250.0, Pass, 5815.96223958, 5750.0, 5250.0, 6250.0
, , , , , , , Pass, 5719.42447917, 5750.0, 5250.0, 6250.0, Pass, 5719.42447917, 5750.0, 5250.0, 6250.0, Pass, 5719.42447917, 5750.0, 5250.0, 6250.0
, , , , , , , Pass, 5712.01888021, 5680.6, 3513.93333333, 6250.0, Pass, 5712.01888021, 5699.96666667, 3533.3, 6250.0, Pass, 5712.01888021, 5714.93333333, 3548.26666667, 6250.0
, , , , , , , Pass, 4916.31445312, 4263.2, 2096.53333333, 6250.0, Pass, 4916.31445312, 4268.4, 2101.73333333, 6250.0, Pass, 4916.31445312, 4279.2, 2112.53333333, 6250.0
, , , , , , , Pass, 3903.87923177, 2806.96666667, 640.3, 4973.63333333, Pass, 3903.87923177, 2830.23333333, 663.566666667, 4996.9, Pass, 3903.87923177, 2852.13333333, 685.466666667, 5018.8
, , , , , , , Pass, 2856.50813802, 1388.93333333, -500.0, 3555.6, Pass, 2856.50813802, 1400.26666667, -500.0, 3566.93333333, Pass, 2856.50813802, 1414.8, -500.0, 3581.46666667
, , , , , , , Pass, 1822.91015625, 0.0, -500.0, 2103.16666667, Pass, 1822.91015625, 0.0, -500.0, 2137.93333333, Pass, 1822.91015625, 0.0, -500.0, 2157.03333333
, , , , , , , Pass, -48.1683603923, 0.0, -500.0, 500.0, Pass, -48.1683603923, 0.0, -500.0, 500.0, Pass, -48.1683603923, 0.0, -500.0, 500.0
, , , , , , , Pass, -12.5428924561, 0.0, -500.0, 500.0, Pass, -12.5428924561, 0.0, -500.0, 500.0, Pass, -12.5428924561, 0.0, -500.0, 500.0
, , , , , , , Pass, -24.7107874552, 0.0, -500.0, 500.0, Pass, -24.7107874552, 0.0, -500.0, 500.0, Pass, -24.7107874552, 0.0, -500.0, 500.0
, , , , , , , Pass, -94.0982971191, -34.4333333333, -2201.1, 500.0, Pass, -94.0982971191, -5.8, -2172.46666667, 500.0, Pass, -94.0982971191, 0.0, -2141.53333333, 500.0
, , , , , , , Pass, -1086.95279948, -1435.2, -3601.86666667, 500.0, Pass, -1086.95279948, -1400.46666667, -3567.13333333, 500.0, Pass, -1086.95279948, -1393.9, -3560.56666667, 500.0
, , , , , , , Pass, -2209.75179036, -2901.53333333, -5068.2, -734.866666667, Pass, -2209.75179036, -2857.63333333, -5024.3, -690.966666667, Pass, -2209.75179036, -2831.93333333, -4998.6, -665.266666667
, , , , , , , Pass, -3344.64160156, -4312.1, -6250.0, -2145.43333333, Pass, -3344.64160156, -4268.5, -6250.0, -2101.83333333, Pass, -3344.64160156, -4259.73333333, -6250.0, -2093.06666667
, , , , , , , Pass, -4297.05826823, -5750.0, -6250.0, -3593.36666667, Pass, -4297.05826823, -5720.16666667, -6250.0, -3553.5, Pass, -4297.05826823, -5695.7, -6250.0, -3529.03333333
, , , , , , , Pass, -5775.8125, -5750.0, -6250.0, -5250.0, Pass, -5775.8125, -5750.0, -6250.0, -5250.0, Pass, -5775.8125, -5750.0, -6250.0, -5250.0
, , , , , , , Pass, -5806.00976562, -5750.0, -6250.0, -5250.0, Pass, -5806.00976562, -5750.0, -6250.0, -5250.0, Pass, -5806.00976562, -5750.0, -6250.0, -5250.0
, , , , , , , Pass, -5822.57747396, -5750.0, -6250.0, -5250.0, Pass, -5822.57747396, -5750.0, -6250.0, -5250.0, Pass, -5822.57747396, -5750.0, -6250.0, -5250.0
Pass, VV_2_66_up_5, Reactive, 66.0, 5, 1500.0, VV_2_66_up_5.csv, , , , , , , , , , , , , , , 
, , , , , , , Pass, -5763.16796875, -5750.0, -6250.0, -5250.0, Pass, -5763.16796875, -5750.0, -6250.0, -5250.0, Pass, -5763.16796875, -5750.0, -6250.0, -5250.0
, , , , , , , Pass, -5756.140625, -5750.0, -6250.0, -5250.0, Pass, -5756.140625, -5750.0, -6250.0, -5250.0, Pass, -5756.140625, -5750.0, -6250.0, -5250.0
, , , , , , , Pass, -5802.07942708, -5750.0, -6250.0, -5250.0, Pass, -5802.07942708, -5750.0, -6250.0, -5250.0, Pass, -5802.07942708, -5750.0, -6250.0, -5250.0
, , , , , , , Pass, -4262.07584635, -5691.96666667, -6250.0, -3525.3, Pass, -4262.07584635, -5721.26666667, -6250.0, -3554.6, Pass, -4262.07584635, -5722.43333333, -6250.0, -3555.76666667
, , , , , , , Pass, -3206.22916667, -4262.5, -6250.0, -2095.83333333, Pass, -3206.22916667, -4292.33333333, -6250.0, -2125.66666667, Pass, -3206.22916667, -4320.13333333, -6250.0, -2153.46666667
, , , , , , , Pass, -2167.01497396, -2852.66666667, -5019.33333333, -686.0, Pass, -2167.01497396, -2890.56666667, -5057.23333333, -723.9, Pass, -2167.01497396, -2895.46666667, -5062.13333333, -728.8
, , , , , , , Pass, -1169.05086263, -1436.16666667, -3602.83333333, 500.0, Pass, -1169.05086263, -1461.8, -3628.46666667, 500.0, Pass, -1169.05086263, -1485.36666667, -3652.03333333, 500.0
, , , , , , , Pass, -59.1873321533, -23.1666666667, -2189.83333333, 500.0, Pass, -59.1873321533, -52.9, -2219.56666667, 500.0, Pass, -59.1873321533, -53.3333333333, -2220.0, 500.0
, , , , , , , Pass, 0.313384930293, 0.0, -500.0, 500.0, Pass, 0.313384930293, 0.0, -500.0, 500.0, Pass, 0.313384930293, 0.0, -500.0, 500.0
, , , , , , , Pass, -26.5861714681, 0.0, -500.0, 500.0, Pass, -26.5861714681, 0.0, -500.0, 500.0, Pass, -26.5861714681, 0.0, -500.0, 500.0
, , , , , , , Pass, 17.7110315959, 0.0, -500.0, 500.0, Pass, 17.7110315959, 0.0, -500.0, 500.0, Pass, 17.7110315959, 0.0, -500.0, 500.0
, , , , , , , Pass, 1702.6163737, 0.0, -500.0, 2089.03333333, Pass, 1702.6163737, 0.0, -500.0, 2111.8, Pass, 1702.6163737, 0.0, -500.0, 2120.9
, , , , , , , Pass, 2826.66341146, 1402.33333333, -500.0, 3569.0, Pass, 2826.66341146, 1423.23333333, -500.0, 3589.9, Pass, 2826.66341146, 1438.76666667, -500.0, 3605.43333333
, , , , , , , Pass, 3850.81738281, 2824.53333333, 657.866666667, 4991.2, Pass, 3850.81738281, 2848.2, 681.533333333, 5014.86666667, Pass, 3850.81738281, 2868.73333333, 702.066666667, 5035.4
, , , , , , , Pass, 4957.66601562, 4308.5, 2141.83333333, 6250.0, Pass, 4957.66601562, 4333.8, 2167.13333333, 6250.0, Pass, 4957.66601562, 4345.43333333, 2178.76666667, 6250.0
, , , , , , , Pass, 5845.74544271, 5718.76666667, 3552.1, 6250.0, Pass, 5845.74544271, 5750.0, 3588.3, 6250.0, Pass, 5845.74544271, 5750.0, 3605.06666667, 6250.0
, , , , , , , Pass, 5864.95638021, 5750.0, 5250.0, 6250.0, Pass, 5864.95638021, 5750.0, 5250.0, 6250.0, Pass, 5864.95638021, 5750.0, 5250.0, 6250.0
, , , , , , , Pass, 5719.52864583, 5750.0, 5250.0, 6250.0, Pass, 5719.52864583, 5750.0, 5250.0, 6250.0, Pass, 5719.52864583, 5750.0, 5250.0, 6250.0
, , , , , , , Pass, 5620.13476562, 5750.0, 5250.0, 6250.0, Pass, 5620.13476562, 5750.0, 5250.0, 6250.0, Pass, 5620.13476562, 5750.0, 5250.0, 6250.0
Pass, VV_2_20_down_1, Reactive, 20.0, 3, 1500.0, VV_2_20_down_1.csv, , , , , , , , , , , , , , , 
, , , , , , , Pass, 5747.58268229, 5750.0, 5250.0, 6250.0, Pass, 5747.58268229, 5750.0, 5250.0, 6250.0, Pass, 5747.58268229, 5750.0, 5250.0, 6250.0
, , , , , , , Pass, 5801.06835938, 5750.0, 5250.0, 6250.0, Pass, 5801.06835938, 5750.0, 5250.0, 6250.0, Pass, 5801.06835938, 5750.0, 5250.0, 6250.0
, , , , , , , Pass, 5762.01171875, 5750.0, 5250.0, 6250.0, Pass, 5762.01171875, 5750.0, 5250.0, 6250.0, Pass, 5762.01171875, 5750.0, 5250.0, 6250.0
, , , , , , , Pass, 5790.55208333, 5681.13333333, 3514.46666667, 6250.0, Pass, 5790.55208333, 5669.83333333, 3503.16666667, 6250.0, Pass, 5790.55208333, 5678.13333333, 3511.46666667, 6250.0
, , , , , , , Pass, 4838.43977865, 4262.2, 2095.53333333, 6250.0, Pass, 4838.43977865, 4251.33333333, 2084.66666667, 6250.0, Pass, 4838.43977865, 4258.0, 2091.33333333, 6250.0
, , , , , , , Pass, 3911.65559896, 2796.46666667, 629.8, 4963.13333333, Pass, 3911.65559896, 2811.66666667, 645.0, 4978.33333333, Pass, 3911.65559896, 2819.06666667, 652.4, 4985.73333333
, , , , , , , Pass, 2756.42610677, 1402.8, -500.0, 3569.46666667, Pass, 2756.42610677, 1417.63333333, -500.0, 3584.3, Pass, 2756.42610677, 1434.46666667, -500.0, 3601.13333333
, , , , , , , Pass, 1738.66715495, 0.0, -500.0, 2117.03333333, Pass, 1738.66715495, 0.0, -500.0, 2142.26666667, Pass, 1738.66715495, 0.0, -500.0, 2165.56666667
, , , , , , , Pass, -55.9929656982, 0.0, -500.0, 500.0, Pass, -55.9929656982, 0.0, -500.0, 500.0, Pass, -55.9929656982, 0.0, -500.0, 500.0
, , , , , , , Pass, 50.299407959, 0.0, -500.0, 500.0, Pass, 50.299407959, 0.0, -500.0, 500.0, Pass, 50.299407959, 0.0, -500.0, 500.0
, , , , , , , Pass, -20.0202840169, 0.0, -500.0, 500.0, Pass, -20.0202840169, 0.0, -500.0, 500.0, Pass, -20.0202840169, 0.0, -500.0, 500.0
, , , , , , , Pass, -189.839152018, 0.0, -2104.16666667, 500.0, Pass, -189.839152018, 0.0, -2096.66666667, 500.0, Pass, -189.839152018, 0.0, -2099.46666667, 500.0
, , , , , , , Pass, -1152.16731771, -1370.6, -3537.26666667, 500.0, Pass, -1152.16731771, -1390.76666667, -3557.43333333, 500.0, Pass, -1152.16731771, -1404.9, -3571.56666667, 500.0
, , , , , , , Pass, -2169.03434245, -2821.86666667, -4988.53333333, -655.2, Pass, -2169.03434245, -2843.13333333, -5009.8, -676.466666667, Pass, -2169.03434245, -2857.8, -5024.46666667, -691.133333333
, , , , , , , Pass, -3136.97200521, -4292.9, -6250.0, -2126.23333333, Pass, -3136.97200521, -4328.03333333, -6250.0, -2161.36666667, Pass, -3136.97200521, -4333.56666667, -6250.0, -2166.9
, , , , , , , Pass, -4226.50878906, -5726.3, -6250.0, -3559.63333333, Pass, -4226.50878906, -5750.0, -6250.0, -3594.4, Pass, -4226.50878906, -5750.0, -6250.0, -3611.23333333
, , , , , , , Pass, -5777.01822917, -5750.0, -6250.0, -5250.0, Pass, -5777.01822917, -5750.0, -6250.0, -5250.0, Pass, -5777.01822917, -5750.0, -6250.0, -5250.0
, , , , , , , Pass, -5777.09635417, -5750.0, -6250.0, -5250.0, Pass, -5777.09635417, -5750.0, -6250.0, -5250.0, Pass, -5777.09635417, -5750.0, -6250.0, -5250.0
, , , , , , , Pass, -5733.86328125, -5750.0, -6250.0, -5250.0, Pass, -5733.86328125, -5750.0, -6250.0, -5250.0, Pass, -5733.86328125, -5750.0, -6250.0, -5250.0
Pass, VV_2_20_up_1, Reactive, 20.0, 3, 1500.0, VV_2_20_up_1.csv, , , , , , , , , , , , , , , 
, , , , , , , Pass, -5750.10677083, -5750.0, -6250.0, -5250.0, Pass, -5750.10677083, -5750.0, -6250.0, -5250.0, Pass, -5750.10677083, -5750.0, -6250.0, -5250.0
, , , , , , , Pass, -5737.18229167, -5750.0, -6250.0, -5250.0, Pass, -5737.18229167, -5750.0, -6250.0, -5250.0, Pass, -5737.18229167, -5750.0, -6250.0, -5250.0
, , , , , , , Pass, -5728.36588542, -5750.0, -6250.0, -5250.0, Pass, -5728.36588542, -5750.0, -6250.0, -5250.0, Pass, -5728.36588542, -5750.0, -6250.0, -5250.0
, , , , , , , Pass, -4223.37109375, -5684.13333333, -6250.0, -3517.46666667, Pass, -4223.37109375, -5692.5, -6250.0, -3525.83333333, Pass, -4223.37109375, -5707.9, -6250.0, -3541.23333333
, , , , , , , Pass, -3122.24674479, -4262.6, -6250.0, -2095.93333333, Pass, -3122.24674479, -4294.33333333, -6250.0, -2127.66666667, Pass, -3122.24674479, -4299.93333333, -6250.0, -2133.26666667
, , , , , , , Pass, -2121.69238281, -2817.63333333, -4984.3, -650.966666667, Pass, -2121.69238281, -2856.5, -5023.16666667, -689.833333333, Pass, -2121.69238281, -2882.03333333, -5048.7, -715.366666667
, , , , , , , Pass, -1069.97452799, -1443.0, -3609.66666667, 500.0, Pass, -1069.97452799, -1475.0, -3641.66666667, 500.0, Pass, -1069.97452799, -1478.33333333, -3645.0, 500.0
, , , , , , , Pass, -75.018254598, 0.0, -2161.83333333, 500.0, Pass, -75.018254598, -28.5, -2195.16666667, 500.0, Pass, -75.018254598, -46.0, -2212.66666667, 500.0
, , , , , , , Pass, 49.2804921468, 0.0, -500.0, 500.0, Pass, 49.2804921468, 0.0, -500.0, 500.0, Pass, 49.2804921468, 0.0, -500.0, 500.0
, , , , , , , Pass, -50.0571543376, 0.0, -500.0, 500.0, Pass, -50.0571543376, 0.0, -500.0, 500.0, Pass, -50.0571543376, 0.0, -500.0, 500.0
, , , , , , , Pass, 3.85294596354, 0.0, -500.0, 500.0, Pass, 3.85294596354, 0.0, -500.0, 500.0, Pass, 3.85294596354, 0.0, -500.0, 500.0
, , , , , , , Pass, 1692.4469401, 0.0, -500.0, 2117.3, Pass, 1692.4469401, 0.0, -500.0, 2109.13333333, Pass, 1692.4469401, 0.0, -500.0, 2113.83333333
, , , , , , , Pass, 2854.40527344, 1357.5, -500.0, 3524.16666667, Pass, 2854.40527344, 1380.8, -500.0, 3547.46666667, Pass, 2854.40527344, 1400.33333333, -500.0, 3567.0
, , , , , , , Pass, 3833.61002604, 2831.63333333, 664.966666667, 4998.3, Pass, 3833.61002604, 2843.96666667, 677.3, 5010.63333333, Pass, 3833.61002604, 2855.53333333, 688.866666667, 5022.2
, , , , , , , Pass, 4861.83658854, 4256.76666667, 2090.1, 6250.0, Pass, 4861.83658854, 4296.53333333, 2129.86666667, 6250.0, Pass, 4861.83658854, 4317.63333333, 2150.96666667, 6250.0
, , , , , , , Pass, 5799.05338542, 5727.5, 3560.83333333, 6250.0, Pass, 5799.05338542, 5750.0, 3583.9, 6250.0, Pass, 5799.05338542, 5750.0, 3597.56666667, 6250.0
, , , , , , , Pass, 5838.63020833, 5750.0, 5250.0, 6250.0, Pass, 5838.63020833, 5750.0, 5250.0, 6250.0, Pass, 5838.63020833, 5750.0, 5250.0, 6250.0
, , , , , , , Pass, 5844.09505208, 5750.0, 5250.0, 6250.0, Pass, 5844.09505208, 5750.0, 5250.0, 6250.0, Pass, 5844.09505208, 5750.0, 5250.0, 6250.0
, , , , , , , Pass, 5754.5390625, 5750.0, 5250.0, 6250.0, Pass, 5754.5390625, 5750.0, 5250.0, 6250.0, Pass, 5754.5390625, 5750.0, 5250.0, 6250.0
Pass, VV_2_20_down_2, Reactive, 20.0, 3, 1500.0, VV_2_20_down_2.csv, , , , , , , , , , , , , , , 
, , , , , , , Pass, 5758.78125, 5750.0, 5250.0, 6250.0, Pass, 5758.78125, 5750.0, 5250.0, 6250.0, Pass, 5758.78125, 5750.0, 5250.0, 6250.0
, , , , , , , Pass, 5724.78190104, 5750.0, 5250.0, 6250.0, Pass, 5724.78190104, 5750.0, 5250.0, 6250.0, Pass, 5724.78190104, 5750.0, 5250.0, 6250.0
, , , , , , , Pass, 5809.58789062, 5750.0, 5250.0, 6250.0, Pass, 5809.58789062, 5750.0, 5250.0, 6250.0, Pass, 5809.58789062, 5750.0, 5250.0, 6250.0
, , , , , , , Pass, 5724.77473958, 5736.23333333, 3569.56666667, 6250.0, Pass, 5724.77473958, 5706.2, 3539.53333333, 6250.0, Pass, 5724.77473958, 5690.76666667, 3524.1, 6250.0
, , , , , , , Pass, 4966.38932292, 4243.2, 2076.53333333, 6250.0, Pass, 4966.38932292, 4236.06666667, 2069.4, 6250.0, Pass, 4966.38932292, 4239.23333333, 2072.56666667, 6250.0
, , , , , , , Pass, 3889.21028646, 2832.7, 666.033333333, 4999.36666667, Pass, 3889.21028646, 2818.06666667, 651.4, 4984.73333333, Pass, 3889.21028646, 2814.73333333, 648.066666667, 4981.4
, , , , , , , Pass, 2840.94954427, 1355.43333333, -500.0, 3522.1, Pass, 2840.94954427, 1366.33333333, -500.0, 3533.0, Pass, 2840.94954427, 1377.8, -500.0, 3544.46666667
, , , , , , , Pass, 1747.53613281, 0.0, -500.0, 2112.3, Pass, 1747.53613281, 0.0, -500.0, 2118.2, Pass, 1747.53613281, 0.0, -500.0, 2126.03333333
, , , , , , , Pass, -7.53575070699, 0.0, -500.0, 500.0, Pass, -7.53575070699, 0.0, -500.0, 500.0, Pass, -7.53575070699, 0.0, -500.0, 500.0
, , , , , , , Pass, 66.4671376546, 0.0, -500.0, 500.0, Pass, 66.4671376546, 0.0, -500.0, 500.0, Pass, 66.4671376546, 0.0, -500.0, 500.0
, , , , , , , Pass, 5.09419504801, 0.0, -500.0, 500.0, Pass, 5.09419504801, 0.0, -500.0, 500.0, Pass, 5.09419504801, 0.0, -500.0, 500.0
, , , , , , , Pass, -41.6881256104, 0.0, -2122.46666667, 500.0, Pass, -41.6881256104, 0.0, -2102.03333333, 500.0, Pass, -41.6881256104, 0.0, -2096.03333333, 500.0
, , , , , , , Pass, -1045.24975586, -1376.66666667, -3543.33333333, 500.0, Pass, -1045.24975586, -1364.93333333, -3531.6, 500.0, Pass, -1045.24975586, -1371.56666667, -3538.23333333, 500.0
, , , , , , , Pass, -2146.47314453, -2804.3, -4970.96666667, -637.633333333, Pass, -2146.47314453, -2802.03333333, -4968.7, -635.366666667, Pass, -2146.47314453, -2812.63333333, -4979.3, -645.966666667
, , , , , , , Pass, -3127.69759115, -4244.16666667, -6250.0, -2077.5, Pass, -3127.69759115, -4255.86666667, -6250.0, -2089.2, Pass, -3127.69759115, -4271.96666667, -6250.0, -2105.3
, , , , , , , Pass, -4142.66210938, -5687.3, -6250.0, -3520.63333333, Pass, -4142.66210938, -5708.53333333, -6250.0, -3541.86666667, Pass, -4142.66210938, -5716.2, -6250.0, -3549.53333333
, , , , , , , Pass, -5810.29036458, -5750.0, -6250.0, -5250.0, Pass, -5810.29036458, -5750.0, -6250.0, -5250.0, Pass, -5810.29036458, -5750.0, -6250.0, -5250.0
, , , , , , , Pass, -5764.20703125, -5750.0, -6250.0, -5250.0, Pass, -5764.20703125, -5750.0, -6250.0, -5250.0, Pass, -5764.20703125, -5750.0, -6250.0, -5250.0
, , , , , , , Pass, -5770.94205729, -5750.0, -6250.0, -5250.0, Pass, -5770.94205729, -5750.0, -6250.0, -5250.0, Pass, -5770.94205729, -5750.0, -6250.0, -5250.0
Pass, VV_2_20_up_2, Reactive, 20.0, 3, 1500.0, VV_2_20_up_2.csv, , , , , , , , , , , , , , , 
, , , , , , , Pass, -5764.72135417, -5750.0, -6250.0, -5250.0, Pass, -5764.72135417, -5750.0, -6250.0, -5250.0, Pass, -5764.72135417, -5750.0, -6250.0, -5250.0
, , , , , , , Pass, -5806.4765625, -5750.0, -6250.0, -5250.0, Pass, -5806.4765625, -5750.0, -6250.0, -5250.0, Pass, -5806.4765625, -5750.0, -6250.0, -5250.0
, , , , , , , Pass, -5735.07747396, -5750.0, -6250.0, -5250.0, Pass, -5735.07747396, -5750.0, -6250.0, -5250.0, Pass, -5735.07747396, -5750.0, -6250.0, -5250.0
, , , , , , , Pass, -4213.00911458, -5744.96666667, -6250.0, -3578.3, Pass, -4213.00911458, -5709.8, -6250.0, -3543.13333333, Pass, -4213.00911458, -5708.16666667, -6250.0, -3541.5
, , , , , , , Pass, -3044.80891927, -4305.56666667, -6250.0, -2138.9, Pass, -3044.80891927, -4274.6, -6250.0, -2107.93333333, Pass, -3044.80891927, -4250.06666667, -6250.0, -2083.4
, , , , , , , Pass, -2099.8194987, -2839.43333333, -5006.1, -672.766666667, Pass, -2099.8194987, -2816.93333333, -4983.6, -650.266666667, Pass, -2099.8194987, -2810.0, -4976.66666667, -643.333333333
, , , , , , , Pass, -996.69124349, -1400.2, -3566.86666667, 500.0, Pass, -996.69124349, -1371.66666667, -3538.33333333, 500.0, Pass, -996.69124349, -1364.6, -3531.26666667, 500.0
, , , , , , , Pass, 11.0926793416, 0.0, -2101.06666667, 500.0, Pass, 11.0926793416, 0.0, -2091.26666667, 500.0, Pass, 11.0926793416, 0.0, -2093.26666667, 500.0
, , , , , , , Pass, -89.6449991862, 0.0, -500.0, 500.0, Pass, -89.6449991862, 0.0, -500.0, 500.0, Pass, -89.6449991862, 0.0, -500.0, 500.0
, , , , , , , Pass, -35.8358306885, 0.0, -500.0, 500.0, Pass, -35.8358306885, 0.0, -500.0, 500.0, Pass, -35.8358306885, 0.0, -500.0, 500.0
, , , , , , , Pass, -31.0604146322, 0.0, -500.0, 500.0, Pass, -31.0604146322, 0.0, -500.0, 500.0, Pass, -31.0604146322, 0.0, -500.0, 500.0
, , , , , , , Pass, 1837.88264974, 75.9666666667, -500.0, 2242.63333333, Pass, 1837.88264974, 61.1, -500.0, 2227.76666667, Pass, 1837.88264974, 56.1666666667, -500.0, 2222.83333333
, , , , , , , Pass, 2775.37565104, 1497.23333333, -500.0, 3663.9, Pass, 2775.37565104, 1484.3, -500.0, 3650.96666667, Pass, 2775.37565104, 1462.0, -500.0, 3628.66666667
, , , , , , , Pass, 3937.63151042, 2937.56666667, 770.9, 5104.23333333, Pass, 3937.63151042, 2927.66666667, 761.0, 5094.33333333, Pass, 3937.63151042, 2920.43333333, 753.766666667, 5087.1
, , , , , , , Pass, 4935.8343099, 4366.36666667, 2199.7, 6250.0, Pass, 4935.8343099, 4349.86666667, 2183.2, 6250.0, Pass, 4935.8343099, 4329.66666667, 2163.0, 6250.0
, , , , , , , Pass, 5761.36783854, 5750.0, 3637.0, 6250.0, Pass, 5761.36783854, 5750.0, 3618.36666667, 6250.0, Pass, 5761.36783854, 5750.0, 3612.96666667, 6250.0
, , , , , , , Pass, 5734.74739583, 5750.0, 5250.0, 6250.0, Pass, 5734.74739583, 5750.0, 5250.0, 6250.0, Pass, 5734.74739583, 5750.0, 5250.0, 6250.0
, , , , , , , Pass, 5795.69856771, 5750.0, 5250.0, 6250.0, Pass, 5795.69856771, 5750.0, 5250.0, 6250.0, Pass, 5795.69856771, 5750.0, 5250.0, 6250.0
, , , , , , , Pass, 5745.64583333, 5750.0, 5250.0, 6250.0, Pass, 5745.64583333, 5750.0, 5250.0, 6250.0, Pass, 5745.64583333, 5750.0, 5250.0, 6250.0
Pass, VV_2_20_down_3, Reactive, 20.0, 3, 1500.0, VV_2_20_down_3.csv, , , , , , , , , , , , , , , 
, , , , , , , Pass, 5705.27994792, 5750.0, 5250.0, 6250.0, Pass, 5705.27994792, 5750.0, 5250.0, 6250.0, Pass, 5705.27994792, 5750.0, 5250.0, 6250.0
, , , , , , , Pass, 5756.90950521, 5750.0, 5250.0, 6250.0, Pass, 5756.90950521, 5750.0, 5250.0, 6250.0, Pass, 5756.90950521, 5750.0, 5250.0, 6250.0
, , , , , , , Pass, 5816.90234375, 5750.0, 5250.0, 6250.0, Pass, 5816.90234375, 5750.0, 5250.0, 6250.0, Pass, 5816.90234375, 5750.0, 5250.0, 6250.0
, , , , , , , Pass, 5657.60091146, 5701.06666667, 3534.4, 6250.0, Pass, 5657.60091146, 5695.7, 3529.03333333, 6250.0, Pass, 5657.60091146, 5692.23333333, 3525.56666667, 6250.0
, , , , , , , Pass, 4997.40071615, 4220.86666667, 2054.2, 6250.0, Pass, 4997.40071615, 4245.33333333, 2078.66666667, 6250.0, Pass, 4997.40071615, 4260.53333333, 2093.86666667, 6250.0
, , , , , , , Pass, 3833.59505208, 2824.0, 657.333333333, 4990.66666667, Pass, 3833.59505208, 2833.6, 666.933333333, 5000.26666667, Pass, 3833.59505208, 2832.1, 665.433333333, 4998.76666667
, , , , , , , Pass, 2857.02148438, 1378.8, -500.0, 3545.46666667, Pass, 2857.02148438, 1400.86666667, -500.0, 3567.53333333, Pass, 2857.02148438, 1431.13333333, -500.0, 3597.8
, , , , , , , Pass, 1764.97753906, 0.0, -500.0, 2135.76666667, Pass, 1764.97753906, 0.0, -500.0, 2159.56666667, Pass, 1764.97753906, 2.83333333333, -500.0, 2169.5
, , , , , , , Pass, -50.3699289958, 0.0, -500.0, 500.0, Pass, -50.3699289958, 0.0, -500.0, 500.0, Pass, -50.3699289958, 0.0, -500.0, 500.0
, , , , , , , Pass, -7.84582074483, 0.0, -500.0, 500.0, Pass, -7.84582074483, 0.0, -500.0, 500.0, Pass, -7.84582074483, 0.0, -500.0, 500.0
, , , , , , , Pass, -4.12671820323, 0.0, -500.0, 500.0, Pass, -4.12671820323, 0.0, -500.0, 500.0, Pass, -4.12671820323, 0.0, -500.0, 500.0
, , , , , , , Pass, -37.1627629598, 0.0, -2105.66666667, 500.0, Pass, -37.1627629598, 0.0, -2098.13333333, 500.0, Pass, -37.1627629598, 0.0, -2093.26666667, 500.0
, , , , , , , Pass, -1117.53401693, -1362.63333333, -3529.3, 500.0, Pass, -1117.53401693, -1375.96666667, -3542.63333333, 500.0, Pass, -1117.53401693, -1392.2, -3558.86666667, 500.0
, , , , , , , Pass, -2090.41634115, -2807.3, -4973.96666667, -640.633333333, Pass, -2090.41634115, -2831.93333333, -4998.6, -665.266666667, Pass, -2090.41634115, -2832.66666667, -4999.33333333, -666.0
, , , , , , , Pass, -3064.94596354, -4261.83333333, -6250.0, -2095.16666667, Pass, -3064.94596354, -4301.03333333, -6250.0, -2134.36666667, Pass, -3064.94596354, -4325.93333333, -6250.0, -2159.26666667
, , , , , , , Pass, -4119.30013021, -5729.3, -6250.0, -3562.63333333, Pass, -4119.30013021, -5750.0, -6250.0, -3594.6, Pass, -4119.30013021, -5750.0, -6250.0, -3600.86666667
, , , , , , , Pass, -5775.08789062, -5750.0, -6250.0, -5250.0, Pass, -5775.08789062, -5750.0, -6250.0, -5250.0, Pass, -5775.08789062, -5750.0, -6250.0, -5250.0
, , , , , , , Pass, -5725.89713542, -5750.0, -6250.0, -5250.0, Pass, -5725.89713542, -5750.0, -6250.0, -5250.0, Pass, -5725.89713542, -5750.0, -6250.0, -5250.0
, , , , , , , Pass, -5753.38151042, -5750.0, -6250.0, -5250.0, Pass, -5753.38151042, -5750.0, -6250.0, -5250.0, Pass, -5753.38151042, -5750.0, -6250.0, -5250.0
Pass, VV_2_20_up_3, Reactive, 20.0, 3, 1500.0, VV_2_20_up_3.csv, , , , , , , , , , , , , , , 
