TIME, DC_V, DC_I, AC_VRMS_1, AC_VRMS_2, AC_VRMS_3, AC_IRMS_1, AC_IRMS_2, AC_IRMS_3, DC_P, AC_S_1, AC_S_2, AC_S_3, AC_P_1, AC_P_2, AC_P_3, AC_Q_1, AC_Q_2, AC_Q_3, AC_FREQ_1, AC_FREQ_2, AC_FREQ_3, AC_PF_1, AC_PF_2, AC_PF_3, TRIG, TRIG_GRID, V_ACT_1, Q_ACT_1, V_TARGET_1, Q_TARGET_1, Q_MIN_1, Q_MAX_1, Q_MIN_ERROR_1, Q_MAX_ERROR_1, V_ACT_2, Q_ACT_2, V_TARGET_2, Q_TARGET_2, Q_MIN_2, Q_MAX_2, Q_MIN_ERROR_2, Q_MAX_ERROR_2, V_ACT_3, Q_ACT_3, V_TARGET_3, Q_TARGET_3, Q_MIN_3, Q_MAX_3, Q_MIN_ERROR_3, Q_MAX_ERROR_3
1524256361.79, 804.572998047, 28.2217330933, 211.151138306, 211.146881104, 211.142089844, 45.0598373413, 45.0797271729, 45.0890274048, 22706.4444049, 9545.83138021, 9545.83138021, 9545.83138021, 7627.65625, 7627.65625, 7627.65625, 5723.81640625, 5723.81640625, 5723.81640625, 50.0, 50.0, 50.0, 0.792042315006, 0.792042315006, 0.792042315006, 0.0, 0.0, , , , , , , , , , , , , , , , , , , , , , , , 
1524256362.33, 812.098693848, 27.9143028259, 211.106140137, 211.096160889, 211.095474243, 45.0040168762, 44.9292831421, 45.080997467, 22669.1688646, 9511.92838542, 9511.92838542, 9511.92838542, 7571.48763021, 7571.48763021, 7571.48763021, 5706.20117188, 5706.20117188, 5706.20117188, 50.0, 50.0, 50.0, 0.794339776039, 0.794339776039, 0.794339776039, 0.0, 0.0, , , , , , , , , , , , , , , , , , , , , , , , 
1524256362.39, 805.457885742, 28.2742500305, 211.097244263, 211.094970703, 211.098358154, 44.9992599487, 45.0353660583, 45.1041984558, 22773.7176505, 9509.68945312, 9509.68945312, 9509.68945312, 7525.50846354, 7525.50846354, 7525.50846354, 5745.65559896, 5745.65559896, 5745.65559896, 50.0, 50.0, 50.0, 0.796137452126, 0.796137452126, 0.796137452126, 0.0, 0.0, 211.106140137, 5706.20117188, 211.11875, 5750.0, 5250.0, 6250.0, 500.0, 500.0, 211.096160889, 5706.20117188, 211.11875, 5750.0, 5250.0, 6250.0, 500.0, 500.0, 211.095474243, 5706.20117188, 211.11875, 5750.0, 5250.0, 6250.0, 500.0, 500.0
1524256362.8, 802.54498291, 28.4905090332, 215.238388062, 215.254821777, 215.259811401, 44.209651947, 44.2354469299, 44.2440223694, 22864.9150852, 9623.99544271, 9623.99544271, 9623.99544271, 7613.27539062, 7613.27539062, 7613.27539062, 5771.67708333, 5771.67708333, 5771.67708333, 50.0, 50.0, 50.0, 0.79717618227, 0.79717618227, 0.79717618227, 0.0, 0.0, , , , , , , , , , , , , , , , , , , , , , , , 
1524256363.79, 819.15234375, 27.5619468689, 215.221603394, 215.2134552, 215.212890625, 44.1330032349, 44.2417945862, 44.2437057495, 22577.433376, 9477.36653646, 9477.36653646, 9477.36653646, 7633.48632812, 7633.48632812, 7633.48632812, 5821.32096354, 5821.32096354, 5821.32096354, 50.0, 50.0, 50.0, 0.797248840332, 0.797248840332, 0.797248840332, 0.0, 0.0, , , , , , , , , , , , , , , , , , , , , , , , 
1524256363.82, 818.439697266, 27.7502059937, 215.216720581, 215.211654663, 215.212799072, 44.2053451538, 44.2417945862, 44.2437057495, 22711.8701925, 9547.7421875, 9547.7421875, 9547.7421875, 7565.84570312, 7565.84570312, 7565.84570312, 5598.56054688, 5598.56054688, 5598.56054688, 50.0, 50.0, 50.0, 0.796572864056, 0.796572864056, 0.796572864056, 0.0, 0.0, 215.221603394, 5821.32096354, 215.2375, 5750.0, 5250.0, 6250.0, 500.0, 500.0, 215.2134552, 5821.32096354, 215.2375, 5750.0, 5250.0, 6250.0, 500.0, 500.0, 215.212890625, 5821.32096354, 215.2375, 5750.0, 5250.0, 6250.0, 500.0, 500.0
1524256363.87, 820.442016602, 27.6502723694, 215.214813232, 215.211654663, 215.21786499, 44.1277084351, 44.1884460449, 43.9857559204, 22685.4452223, 9579.56445312, 9579.56445312, 9579.56445312, 7622.57486979, 7622.57486979, 7622.57486979, 5881.61523438, 5881.61523438, 5881.61523438, 50.0, 50.0, 50.0, 0.793777644634, 0.793777644634, 0.793777644634, 0.0, 0.0, , , , , , , , , , , , , , , , , , , , , , , , 
1524256364.79, 810.145019531, 28.1688995361, 219.390670776, 219.383789062, 219.377334595, 43.1384849548, 43.4103813171, 43.3748245239, 22820.8936649, 9527.85611979, 9527.85611979, 9527.85611979, 7544.79427083, 7544.79427083, 7544.79427083, 5726.54947917, 5726.54947917, 5726.54947917, 50.0, 50.0, 50.0, 0.792626142502, 0.792626142502, 0.792626142502, 0.0, 0.0, , , , , , , , , , , , , , , , , , , , , , , , 
1524256365.35, 805.301757812, 28.1879425049, 219.332015991, 219.329818726, 219.335327148, 43.3033638, 43.3454055786, 43.5672149658, 22699.7996483, 9510.47981771, 9510.47981771, 9510.47981771, 7577.9453125, 7577.9453125, 7577.9453125, 5646.08072917, 5646.08072917, 5646.08072917, 50.0, 50.0, 50.0, 0.801912665367, 0.801912665367, 0.801912665367, 0.0, 0.0, , , , , , , , , , , , , , , , , , , , , , , , 
1524256365.39, 807.71673584, 28.0739078522, 219.328475952, 219.333450317, 219.341384888, 43.3654594421, 43.612449646, 43.4569015503, 22675.7652126, 9502.00651042, 9502.00651042, 9502.00651042, 7527.09895833, 7527.09895833, 7527.09895833, 5712.82096354, 5712.82096354, 5712.82096354, 50.0, 50.0, 50.0, 0.798556506634, 0.798556506634, 0.798556506634, 0.0, 0.0, 219.332015991, 5646.08072917, 219.35625, 5750.0, 5250.0, 6250.0, 500.0, 500.0, 219.329818726, 5646.08072917, 219.35625, 5750.0, 5250.0, 6250.0, 500.0, 500.0, 219.335327148, 5646.08072917, 219.35625, 5750.0, 5250.0, 6250.0, 500.0, 500.0
1524256365.79, 809.805908203, 27.9692153931, 223.485412598, 223.502685547, 223.508056641, 42.3746185303, 42.4793777466, 42.6232452393, 22649.6358731, 9522.20507812, 9522.20507812, 9522.20507812, 7578.22786458, 7578.22786458, 7578.22786458, 5733.75651042, 5733.75651042, 5733.75651042, 50.0, 50.0, 50.0, 0.796437323093, 0.796437323093, 0.796437323093, 0.0, 0.0, , , , , , , , , , , , , , , , , , , , , , , , 
1524256366.79, 807.890441895, 28.2241230011, 223.444366455, 223.447128296, 223.451309204, 42.6066970825, 42.8884811401, 42.6899681091, 22801.9992034, 9542.35091146, 9542.35091146, 9542.35091146, 7615.51692708, 7615.51692708, 7615.51692708, 5756.140625, 5756.140625, 5756.140625, 50.0, 50.0, 50.0, 0.800082623959, 0.800082623959, 0.800082623959, 0.0, 0.0, , , , , , , , , , , , , , , , , , , , , , , , 
1524256366.84, 796.502990723, 28.6624145508, 223.446075439, 223.451629639, 223.458557129, 42.595993042, 42.6721611023, 42.7285308838, 22829.698911, 9475.05664062, 9475.05664062, 9475.05664062, 7675.71744792, 7675.71744792, 7675.71744792, 5811.65559896, 5811.65559896, 5811.65559896, 50.0, 50.0, 50.0, 0.799362719059, 0.799362719059, 0.799362719059, 0.0, 0.0, 223.444366455, 5756.140625, 223.475, 5750.0, 3634.4, 6250.0, 2115.6, 500.0, 223.447128296, 5756.140625, 223.475, 5750.0, 3629.8, 6250.0, 2120.2, 500.0, 223.451309204, 5756.140625, 223.475, 5750.0, 3622.83333333, 6250.0, 2127.16666667, 500.0
1524256366.89, 800.28918457, 28.5790939331, 223.447021484, 223.460021973, 223.465148926, 42.6092300415, 42.6795043945, 42.6228408813, 22871.5397795, 9585.77604167, 9585.77604167, 9585.77604167, 7654.23828125, 7654.23828125, 7654.23828125, 5642.96679688, 5642.96679688, 5642.96679688, 50.0, 50.0, 50.0, 0.798068642616, 0.798068642616, 0.798068642616, 0.0, 0.0, , , , , , , , , , , , , , , , , , , , , , , , 
1524256367.78, 805.394958496, 28.3415641785, 224.368103027, 224.353088379, 224.342880249, 40.9971466064, 40.9642906189, 40.9777412415, 22826.1529052, 9112.21419271, 9112.21419271, 9112.21419271, 7549.09635417, 7549.09635417, 7549.09635417, 5280.51041667, 5280.51041667, 5280.51041667, 50.0, 50.0, 50.0, 0.819726169109, 0.819726169109, 0.819726169109, 0.0, 0.0, , , , , , , , , , , , , , , , , , , , , , , , 
1524256368.31, 797.950500488, 28.5169086456, 224.304443359, 224.317199707, 224.328338623, 41.0251579285, 41.0317306519, 41.1175003052, 22755.0815262, 9257.78190104, 9257.78190104, 9257.78190104, 7625.18294271, 7625.18294271, 7625.18294271, 5165.59667969, 5165.59667969, 5165.59667969, 50.0, 50.0, 50.0, 0.824762105942, 0.824762105942, 0.824762105942, 0.0, 0.0, , , , , , , , , , , , , , , , , , , , , , , , 
1524256368.33, 810.500061035, 28.1975383759, 224.304443359, 224.317199707, 224.328338623, 41.0184326172, 41.0090103149, 41.1206245422, 22854.1065747, 9187.35416667, 9187.35416667, 9187.35416667, 7511.10026042, 7511.10026042, 7511.10026042, 5169.4140625, 5169.4140625, 5169.4140625, 50.0, 50.0, 50.0, 0.820028305054, 0.820028305054, 0.820028305054, 0.0, 0.0, 224.304443359, 5165.59667969, 224.3375, 4367.6, 2200.93333333, 6250.0, 2166.66666667, 1882.4, 224.317199707, 5165.59667969, 224.3375, 4346.33333333, 2179.66666667, 6250.0, 2166.66666667, 1903.66666667, 224.328338623, 5165.59667969, 224.3375, 4327.76666667, 2161.1, 6250.0, 2166.66666667, 1922.23333333
1524256368.78, 806.896362305, 28.3368682861, 225.223709106, 225.233139038, 225.235610962, 38.4792671204, 38.4843063354, 38.5405464172, 22864.9159392, 8652.2578125, 8652.2578125, 8652.2578125, 7570.72005208, 7570.72005208, 7570.72005208, 4237.26822917, 4237.26822917, 4237.26822917, 50.0, 50.0, 50.0, 0.874768137932, 0.874768137932, 0.874768137932, 0.0, 0.0, , , , , , , , , , , , , , , , , , , , , , , , 
1524256369.8, 803.926269531, 28.4454650879, 225.166687012, 225.182525635, 225.188369751, 38.371963501, 38.5081977844, 38.5783538818, 22868.0566332, 8719.30403646, 8719.30403646, 8719.30403646, 7656.65559896, 7656.65559896, 7656.65559896, 4199.05273438, 4199.05273438, 4199.05273438, 50.0, 50.0, 50.0, 0.875187516212, 0.875187516212, 0.875187516212, 0.0, 0.0, , , , , , , , , , , , , , , , , , , , , , , , 
1524256369.83, 801.114440918, 28.3633327484, 225.171325684, 225.189712524, 225.199707031, 38.3345870972, 38.5081977844, 38.5783538818, 22722.2754573, 8690.35221354, 8690.35221354, 8690.35221354, 7654.78125, 7654.78125, 7654.78125, 4089.91731771, 4089.91731771, 4089.91731771, 50.0, 50.0, 50.0, 0.877777218819, 0.877777218819, 0.877777218819, 0.0, 0.0, 225.166687012, 4199.05273438, 225.2, 2930.53333333, 763.866666667, 5097.2, 2166.66666667, 2166.66666667, 225.182525635, 4199.05273438, 225.2, 2904.13333333, 737.466666667, 5070.8, 2166.66666667, 2166.66666667, 225.188369751, 4199.05273438, 225.2, 2894.4, 727.733333333, 5061.06666667, 2166.66666667, 2166.66666667
1524256369.86, 807.942871094, 28.1256656647, 225.181350708, 225.201477051, 225.206054688, 38.5157279968, 38.5983085632, 38.5774078369, 22723.9310685, 8712.50585938, 8712.50585938, 8712.50585938, 7603.21223958, 7603.21223958, 7603.21223958, 4034.94986979, 4034.94986979, 4034.94986979, 50.0, 50.0, 50.0, 0.882508397102, 0.882508397102, 0.882508397102, 0.0, 0.0, , , , , , , , , , , , , , , , , , , , , , , , 
1524256370.79, 809.766052246, 28.1167926788, 226.076477051, 226.049530029, 226.039459229, 36.1426086426, 35.9694328308, 36.2476348877, 22768.0242094, 8240.48828125, 8240.48828125, 8240.48828125, 7577.82682292, 7577.82682292, 7577.82682292, 3132.6858724, 3132.6858724, 3132.6858724, 50.0, 50.0, 50.0, 0.920219421387, 0.920219421387, 0.920219421387, 0.0, 0.0, , , , , , , , , , , , , , , , , , , , , , , , 
1524256371.33, 818.426269531, 27.8693008423, 226.042739868, 226.065093994, 226.075057983, 36.2489967346, 36.2769813538, 36.1897468567, 22808.9679228, 8277.1484375, 8277.1484375, 8277.1484375, 7638.3984375, 7638.3984375, 7638.3984375, 3148.88378906, 3148.88378906, 3148.88378906, 50.0, 50.0, 50.0, 0.921762764454, 0.921762764454, 0.921762764454, 0.0, 0.0, , , , , , , , , , , , , , , , , , , , , , , , 
1524256371.37, 803.778991699, 28.25440979, 226.05241394, 226.072891235, 226.079879761, 36.3600006104, 36.3904685974, 36.415927887, 22710.3010121, 8254.65169271, 8254.65169271, 8254.65169271, 7637.76822917, 7637.76822917, 7637.76822917, 3097.32324219, 3097.32324219, 3097.32324219, 50.0, 50.0, 50.0, 0.926184475422, 0.926184475422, 0.926184475422, 0.0, 0.0, 226.042739868, 3148.88378906, 226.0625, 1470.43333333, -500.0, 3637.1, 1970.43333333, 2166.66666667, 226.065093994, 3148.88378906, 226.0625, 1433.16666667, -500.0, 3599.83333333, 1933.16666667, 2166.66666667, 226.075057983, 3148.88378906, 226.0625, 1416.56666667, -500.0, 3583.23333333, 1916.56666667, 2166.66666667
1524256371.78, 800.969238281, 28.4406433105, 226.956497192, 226.959365845, 226.959701538, 34.6083602905, 34.6152114868, 34.6456832886, 22780.0804087, 7773.54817708, 7773.54817708, 7773.54817708, 7523.13216146, 7523.13216146, 7523.13216146, 2038.80501302, 2038.80501302, 2038.80501302, 50.0, 50.0, 50.0, 0.96447879076, 0.96447879076, 0.96447879076, 0.0, 0.0, , , , , , , , , , , , , , , , , , , , , , , , 
1524256372.78, 802.299865723, 28.4046039581, 226.914505005, 226.935256958, 226.937957764, 34.7370300293, 34.7382125854, 34.8202819824, 22789.0099415, 7866.26497396, 7866.26497396, 7866.26497396, 7616.21158854, 7616.21158854, 7616.21158854, 2035.62044271, 2035.62044271, 2035.62044271, 50.0, 50.0, 50.0, 0.965676963329, 0.965676963329, 0.965676963329, 0.0, 0.0, , , , , , , , , , , , , , , , , , , , , , , , 
1524256372.81, 803.470458984, 28.253408432, 226.923278809, 226.941238403, 226.94682312, 34.7920150757, 34.7844238281, 34.9640579224, 22700.7790407, 7915.65690104, 7915.65690104, 7915.65690104, 7654.06054688, 7654.06054688, 7654.06054688, 2095.64388021, 2095.64388021, 2095.64388021, 50.0, 50.0, 50.0, 0.964737653732, 0.964737653732, 0.964737653732, 0.0, 0.0, 226.914505005, 2035.62044271, 226.925, 17.5, -500.0, 2184.16666667, 517.5, 2166.66666667, 226.935256958, 2035.62044271, 226.925, 0.0, -500.0, 2149.56666667, 500.0, 2149.56666667, 226.937957764, 2035.62044271, 226.925, 0.0, -500.0, 2145.06666667, 500.0, 2145.06666667
1524256372.85, 805.09161377, 28.2330055237, 226.932388306, 226.950714111, 226.95173645, 34.8027076721, 34.7512207031, 34.8007583618, 22730.1559786, 7909.16536458, 7909.16536458, 7909.16536458, 7658.1640625, 7658.1640625, 7658.1640625, 1823.72005208, 1823.72005208, 1823.72005208, 50.0, 50.0, 50.0, 0.975170373917, 0.975170373917, 0.975170373917, 0.0, 0.0, , , , , , , , , , , , , , , , , , , , , , , , 
1524256373.79, 803.087341309, 28.2783222198, 228.434936523, 228.418823242, 228.420166016, 33.067817688, 33.0478897095, 33.31275177, 22709.9626082, 7652.10026042, 7652.10026042, 7652.10026042, 7621.53580729, 7621.53580729, 7621.53580729, 124.940531413, 124.940531413, 124.940531413, 50.0, 50.0, 50.0, 0.999845921993, 0.999845921993, 0.999845921993, 0.0, 0.0, , , , , , , , , , , , , , , , , , , , , , , , 
1524256374.33, 812.107299805, 28.0057792664, 228.468795776, 228.480743408, 228.489212036, 33.2980308533, 33.2785415649, 33.4204139709, 22743.6977789, 7657.94075521, 7657.94075521, 7657.94075521, 7623.56966146, 7623.56966146, 7623.56966146, 210.397867839, 210.397867839, 210.397867839, 50.0, 50.0, 50.0, 0.999564826488, 0.999564826488, 0.999564826488, 0.0, 0.0, , , , , , , , , , , , , , , , , , , , , , , , 
1524256374.37, 813.063781738, 28.3383331299, 228.474487305, 228.485473633, 228.490890503, 33.2718315125, 33.247833252, 33.3707237244, 23040.8723027, 7632.04492188, 7632.04492188, 7632.04492188, 7589.93164062, 7589.93164062, 7589.93164062, 200.005432129, 200.005432129, 200.005432129, 50.0, 50.0, 50.0, 0.999683558941, 0.999683558941, 0.999683558941, 0.0, 0.0, 228.468795776, 210.397867839, 228.4625, 0.0, -500.0, 500.0, 500.0, 500.0, 228.480743408, 210.397867839, 228.4625, 0.0, -500.0, 500.0, 500.0, 500.0, 228.489212036, 210.397867839, 228.4625, 0.0, -500.0, 500.0, 500.0, 500.0
1524256374.78, 798.670349121, 28.6184062958, 230.02923584, 230.017227173, 230.016815186, 32.8403167725, 32.8303184509, 32.9286079407, 22856.6725475, 7481.82356771, 7481.82356771, 7481.82356771, 7511.04557292, 7511.04557292, 7511.04557292, -50.1767171224, -50.1767171224, -50.1767171224, 50.0, 50.0, 50.0, 0.999999821186, 0.999999821186, 0.999999821186, 0.0, 0.0, , , , , , , , , , , , , , , , , , , , , , , , 
1524256375.79, 804.633789062, 28.3028564453, 230.008056641, 230.022521973, 230.024261475, 33.0729789734, 33.0731315613, 33.1251678467, 22773.4346229, 7634.77083333, 7634.77083333, 7634.77083333, 7590.88932292, 7590.88932292, 7590.88932292, -52.4065500895, -52.4065500895, -52.4065500895, 50.0, 50.0, 50.0, 0.999996066093, 0.999996066093, 0.999996066093, 0.0, 0.0, , , , , , , , , , , , , , , , , , , , , , , , 
1524256375.81, 806.007385254, 28.3571853638, 230.011703491, 230.028396606, 230.02947998, 33.0856132507, 33.0618476868, 33.1251678467, 22856.1008282, 7561.61393229, 7561.61393229, 7561.61393229, 7569.57421875, 7569.57421875, 7569.57421875, 27.1559168498, 27.1559168498, 27.1559168498, 50.0, 50.0, 50.0, 0.999999761581, 0.999999761581, 0.999999761581, 0.0, 0.0, 230.008056641, -52.4065500895, 230.0, 0.0, -500.0, 500.0, 500.0, 500.0, 230.022521973, -52.4065500895, 230.0, 0.0, -500.0, 500.0, 500.0, 500.0, 230.024261475, -52.4065500895, 230.0, 0.0, -500.0, 500.0, 500.0, 500.0
1524256375.85, 804.428771973, 28.3706741333, 230.020751953, 230.031890869, 230.031524658, 33.0441589355, 33.0177345276, 33.2738723755, 22822.1865531, 7554.60677083, 7554.60677083, 7554.60677083, 7569.90820312, 7569.90820312, 7569.90820312, 37.1565348307, 37.1565348307, 37.1565348307, 50.0, 50.0, 50.0, 0.999996185303, 0.999996185303, 0.999996185303, 0.0, 0.0, , , , , , , , , , , , , , , , , , , , , , , , 
1524256376.78, 810.047607422, 28.2270030975, 231.497039795, 231.498336792, 231.49911499, 32.558139801, 32.712348938, 32.8647651672, 22865.2163238, 7575.00651042, 7575.00651042, 7575.00651042, 7598.24934896, 7598.24934896, 7598.24934896, -44.9651743571, -44.9651743571, -44.9651743571, 50.0, 50.0, 50.0, 0.999998390675, 0.999998390675, 0.999998390675, 0.0, 0.0, , , , , , , , , , , , , , , , , , , , , , , , 
1524256377.32, 807.27935791, 28.3113803864, 231.557037354, 231.567443848, 231.570220947, 32.7799263, 32.800983429, 32.8691253662, 22855.1929798, 7633.94335938, 7633.94335938, 7633.94335938, 7695.36067708, 7695.36067708, 7695.36067708, 5.96101252238, 5.96101252238, 5.96101252238, 50.0, 50.0, 50.0, 0.999995172024, 0.999995172024, 0.999995172024, 0.0, 0.0, , , , , , , , , , , , , , , , , , , , , , , , 
1524256377.35, 809.298706055, 28.16456604, 231.561843872, 231.568634033, 231.572357178, 32.9650497437, 32.8185539246, 33.0970993042, 22793.5468528, 7623.50520833, 7623.50520833, 7623.50520833, 7615.35091146, 7615.35091146, 7615.35091146, 6.95719401042, 6.95719401042, 6.95719401042, 50.0, 50.0, 50.0, 0.999999582767, 0.999999582767, 0.999999582767, 0.0, 0.0, 231.557037354, 5.96101252238, 231.5375, 0.0, -500.0, 500.0, 500.0, 500.0, 231.567443848, 5.96101252238, 231.5375, 0.0, -500.0, 500.0, 500.0, 500.0, 231.570220947, 5.96101252238, 231.5375, 0.0, -500.0, 500.0, 500.0, 500.0
1524256377.78, 805.723388672, 28.3153686523, 233.095458984, 233.074371338, 233.068954468, 32.3131752014, 32.0814590454, 32.3007774353, 22814.3547821, 7490.49934896, 7490.49934896, 7490.49934896, 7533.88932292, 7533.88932292, 7533.88932292, -55.0755767822, -55.0755767822, -55.0755767822, 50.0, 50.0, 50.0, 0.999999940395, 0.999999940395, 0.999999940395, 0.0, 0.0, , , , , , , , , , , , , , , , , , , , , , , , 
1524256378.78, 806.98260498, 28.268907547, 233.104934692, 233.111724854, 233.108566284, 32.5224609375, 32.5300865173, 32.6686172485, 22812.5166522, 7518.11848958, 7518.11848958, 7518.11848958, 7547.77278646, 7547.77278646, 7547.77278646, 5.55726369222, 5.55726369222, 5.55726369222, 50.0, 50.0, 50.0, 0.999993562698, 0.999993562698, 0.999993562698, 0.0, 0.0, , , , , , , , , , , , , , , , , , , , , , , , 
1524256378.81, 807.076477051, 28.3189506531, 233.107711792, 233.112121582, 233.109771729, 32.5574378967, 32.4656028748, 32.6272926331, 22855.5589269, 7607.40820312, 7607.40820312, 7607.40820312, 7597.37174479, 7597.37174479, 7597.37174479, -37.5349578857, -37.5349578857, -37.5349578857, 50.0, 50.0, 50.0, 0.999992728233, 0.999992728233, 0.999992728233, 0.0, 0.0, 233.104934692, 5.55726369222, 233.075, -49.9, -2216.56666667, 500.0, 2166.66666667, 549.9, 233.111724854, 5.55726369222, 233.075, -61.2, -2227.86666667, 500.0, 2166.66666667, 561.2, 233.108566284, 5.55726369222, 233.075, -55.9333333333, -2222.6, 500.0, 2166.66666667, 555.933333333
1524256378.85, 799.147705078, 28.418422699, 233.110916138, 233.114212036, 233.10887146, 32.5853843689, 32.7209205627, 32.573223114, 22710.5172818, 7609.75911458, 7609.75911458, 7609.75911458, 7619.03320312, 7619.03320312, 7619.03320312, -5.49655850728, -5.49655850728, -5.49655850728, 50.0, 50.0, 50.0, 0.999889910221, 0.999889910221, 0.999889910221, 0.0, 0.0, , , , , , , , , , , , , , , , , , , , , , , , 
1524256379.78, 801.769897461, 28.4412403107, 233.899978638, 233.923339844, 233.933258057, 32.6400604248, 32.6993637085, 32.8753128052, 22803.3303275, 7631.09895833, 7631.09895833, 7631.09895833, 7620.57747396, 7620.57747396, 7620.57747396, -772.851236979, -772.851236979, -772.851236979, 50.0, 50.0, 50.0, 0.994163274765, 0.994163274765, 0.994163274765, 0.0, 0.0, , , , , , , , , , , , , , , , , , , , , , , , 
1524256380.32, 795.724365234, 28.4254703522, 233.968215942, 233.969619751, 233.964263916, 32.5440711975, 32.4257469177, 32.6526947021, 22618.8393525, 7582.67447917, 7582.67447917, 7582.67447917, 7540.71940104, 7540.71940104, 7540.71940104, -825.925374349, -825.925374349, -825.925374349, 50.0, 50.0, 50.0, 0.993612587452, 0.993612587452, 0.993612587452, 0.0, 0.0, , , , , , , , , , , , , , , , , , , , , , , , 
1524256380.36, 805.500732422, 28.3643817902, 233.968856812, 233.96736145, 233.961868286, 32.4985923767, 32.4779472351, 32.6647796631, 22847.5303067, 7556.22591146, 7556.22591146, 7556.22591146, 7532.8671875, 7532.8671875, 7532.8671875, -853.254557292, -853.254557292, -853.254557292, 50.0, 50.0, 50.0, 0.992975473404, 0.992975473404, 0.992975473404, 0.0, 0.0, 233.968215942, -825.925374349, 233.9375, -1488.7, -3655.36666667, 500.0, 2166.66666667, 1988.7, 233.969619751, -825.925374349, 233.9375, -1491.03333333, -3657.7, 500.0, 2166.66666667, 1991.03333333, 233.964263916, -825.925374349, 233.9375, -1482.1, -3648.76666667, 500.0, 2166.66666667, 1982.1
1524256380.8, 808.514770508, 28.3568019867, 234.783370972, 234.767211914, 234.761688232, 33.1073989868, 33.2095909119, 33.4195137024, 22926.8932506, 7840.23958333, 7840.23958333, 7840.23958333, 7597.10872396, 7597.10872396, 7597.10872396, -1903.37467448, -1903.37467448, -1903.37467448, 50.0, 50.0, 50.0, 0.971085488796, 0.971085488796, 0.971085488796, 0.0, 0.0, , , , , , , , , , , , , , , , , , , , , , , , 
1524256381.79, 807.092285156, 28.1967411041, 234.834884644, 234.832809448, 234.82119751, 33.1447677612, 33.2153320312, 33.303440094, 22757.3722117, 7845.34440104, 7845.34440104, 7845.34440104, 7570.3984375, 7570.3984375, 7570.3984375, -1892.11865234, -1892.11865234, -1892.11865234, 50.0, 50.0, 50.0, 0.96961504221, 0.96961504221, 0.96961504221, 0.0, 0.0, , , , , , , , , , , , , , , , , , , , , , , , 
1524256381.84, 812.922729492, 28.0911750793, 234.831787109, 234.826660156, 234.821578979, 33.3488082886, 33.2153320312, 33.303440094, 22835.9547201, 7811.68815104, 7811.68815104, 7811.68815104, 7579.16601562, 7579.16601562, 7579.16601562, -1910.6710612, -1910.6710612, -1910.6710612, 50.0, 50.0, 50.0, 0.968998551369, 0.968998551369, 0.968998551369, 0.0, 0.0, 234.834884644, -1892.11865234, 234.8, -2933.13333333, -5099.8, -766.466666667, 2166.66666667, 2166.66666667, 234.832809448, -1892.11865234, 234.8, -2929.66666667, -5096.33333333, -763.0, 2166.66666667, 2166.66666667, 234.82119751, -1892.11865234, 234.8, -2910.33333333, -5077.0, -743.666666667, 2166.66666667, 2166.66666667
1524256381.9, 811.504211426, 28.1251335144, 234.830612183, 234.822128296, 234.816329956, 32.8884048462, 33.1212844849, 33.1888504028, 22823.6642939, 7838.07617188, 7838.07617188, 7838.07617188, 7562.58398438, 7562.58398438, 7562.58398438, -2283.96858724, -2283.96858724, -2283.96858724, 50.0, 50.0, 50.0, 0.954518735409, 0.954518735409, 0.954518735409, 0.0, 0.0, , , , , , , , , , , , , , , , , , , , , , , , 
1524256382.82, 804.54864502, 28.2549781799, 235.648086548, 235.667129517, 235.674942017, 34.5950622559, 34.879863739, 34.801448822, 22732.5044097, 8085.83658854, 8085.83658854, 8085.83658854, 7589.69986979, 7589.69986979, 7589.69986979, -3007.07552083, -3007.07552083, -3007.07552083, 50.0, 50.0, 50.0, 0.933864176273, 0.933864176273, 0.933864176273, 0.0, 0.0, , , , , , , , , , , , , , , , , , , , , , , , 
1524256383.36, 805.587036133, 28.3283424377, 235.684341431, 235.669555664, 235.66847229, 34.3304710388, 34.3914222717, 34.5135154724, 22820.945423, 8004.33007812, 8004.33007812, 8004.33007812, 7603.38867188, 7603.38867188, 7603.38867188, -2899.48665365, -2899.48665365, -2899.48665365, 50.0, 50.0, 50.0, 0.928422749043, 0.928422749043, 0.928422749043, 0.0, 0.0, , , , , , , , , , , , , , , , , , , , , , , , 
1524256383.39, 811.20715332, 28.1252231598, 235.684341431, 235.669555664, 235.66847229, 34.3267440796, 34.2702903748, 34.3246269226, 22815.382216, 8118.32421875, 8118.32421875, 8118.32421875, 7625.28320312, 7625.28320312, 7625.28320312, -2979.85546875, -2979.85546875, -2979.85546875, 50.0, 50.0, 50.0, 0.9334243536, 0.9334243536, 0.9334243536, 0.0, 0.0, 235.684341431, -2899.48665365, 235.6625, -4348.9, -6250.0, -2182.23333333, 1901.1, 2166.66666667, 235.669555664, -2899.48665365, 235.6625, -4324.26666667, -6250.0, -2157.6, 1925.73333333, 2166.66666667, 235.66847229, -2899.48665365, 235.6625, -4322.46666667, -6250.0, -2155.8, 1927.53333333, 2166.66666667
1524256383.8, 805.702331543, 28.3560886383, 236.49281311, 236.479721069, 236.480682373, 36.1708106995, 36.4293060303, 36.6870956421, 22846.5667293, 8555.15429688, 8555.15429688, 8555.15429688, 7647.86067708, 7647.86067708, 7647.86067708, -3954.328125, -3954.328125, -3954.328125, 50.0, 50.0, 50.0, 0.883449673653, 0.883449673653, 0.883449673653, 0.0, 0.0, , , , , , , , , , , , , , , , , , , , , , , , 
1524256384.79, 800.195861816, 28.3462905884, 236.554702759, 236.541549683, 236.534683228, 35.9824867249, 35.9881324768, 36.4619407654, 22682.5844267, 8602.73502604, 8602.73502604, 8602.73502604, 7536.94075521, 7536.94075521, 7536.94075521, -3991.82519531, -3991.82519531, -3991.82519531, 50.0, 50.0, 50.0, 0.884300589561, 0.884300589561, 0.884300589561, 0.0, 0.0, , , , , , , , , , , , , , , , , , , , , , , , 
1524256384.82, 799.09967041, 28.5151691437, 236.549942017, 236.5362854, 236.526046753, 36.2544364929, 35.9881324768, 36.4619407654, 22786.4622644, 8467.55664062, 8467.55664062, 8467.55664062, 7512.28450521, 7512.28450521, 7512.28450521, -3990.9453125, -3990.9453125, -3990.9453125, 50.0, 50.0, 50.0, 0.883991837502, 0.883991837502, 0.883991837502, 0.0, 0.0, 236.554702759, -3991.82519531, 236.525, -5750.0, -6250.0, -3632.83333333, 500.0, 2117.16666667, 236.541549683, -3991.82519531, 236.525, -5750.0, -6250.0, -3610.9, 500.0, 2139.1, 236.534683228, -3991.82519531, 236.525, -5750.0, -6250.0, -3599.46666667, 500.0, 2150.53333333
1524256384.86, 804.200012207, 28.2143211365, 236.542449951, 236.528091431, 236.517211914, 35.9488143921, 36.0765571594, 36.2167663574, 22689.9574024, 8808.7578125, 8808.7578125, 8808.7578125, 7530.44726562, 7530.44726562, 7530.44726562, -4686.25227865, -4686.25227865, -4686.25227865, 50.0, 50.0, 50.0, 0.845714986324, 0.845714986324, 0.845714986324, 0.0, 0.0, , , , , , , , , , , , , , , , , , , , , , , , 
1524256385.79, 803.004638672, 28.2645587921, 240.640304565, 240.652099609, 240.663894653, 39.6263237, 39.7433853149, 39.7839927673, 22696.5718201, 9604.73632812, 9604.73632812, 9604.73632812, 7556.21809896, 7556.21809896, 7556.21809896, -5803.39778646, -5803.39778646, -5803.39778646, 50.0, 50.0, 50.0, 0.798544585705, 0.798544585705, 0.798544585705, 0.0, 0.0, , , , , , , , , , , , , , , , , , , , , , , , 
1524256386.32, 809.304321289, 28.255317688, 240.653991699, 240.635055542, 240.628890991, 39.4446525574, 39.550163269, 39.6627426147, 22867.1507043, 9433.18098958, 9433.18098958, 9433.18098958, 7520.8359375, 7520.8359375, 7520.8359375, -5802.51822917, -5802.51822917, -5802.51822917, 50.0, 50.0, 50.0, 0.796180605888, 0.796180605888, 0.796180605888, 0.0, 0.0, , , , , , , , , , , , , , , , , , , , , , , , 
1524256386.36, 809.871765137, 28.1902198792, 240.643661499, 240.626266479, 240.621749878, 39.4379730225, 39.5744438171, 39.6502723694, 22830.4631331, 9469.87304688, 9469.87304688, 9469.87304688, 7628.68880208, 7628.68880208, 7628.68880208, -5747.81770833, -5747.81770833, -5747.81770833, 50.0, 50.0, 50.0, 0.789171099663, 0.789171099663, 0.789171099663, 0.0, 0.0, 240.653991699, -5802.51822917, 240.64375, -5750.0, -6250.0, -5250.0, 500.0, 500.0, 240.635055542, -5802.51822917, 240.64375, -5750.0, -6250.0, -5250.0, 500.0, 500.0, 240.628890991, -5802.51822917, 240.64375, -5750.0, -6250.0, -5250.0, 500.0, 500.0
1524256386.78, 797.535400391, 28.5948829651, 244.719329834, 244.720169067, 244.725723267, 38.8335494995, 38.974571228, 39.0592498779, 22805.4314347, 9426.40104167, 9426.40104167, 9426.40104167, 7576.94661458, 7576.94661458, 7576.94661458, -5773.93424479, -5773.93424479, -5773.93424479, 50.0, 50.0, 50.0, 0.796363413334, 0.796363413334, 0.796363413334, 0.0, 0.0, , , , , , , , , , , , , , , , , , , , , , , , 
1524256387.78, 805.797058105, 28.1889457703, 244.771209717, 244.756118774, 244.743835449, 38.7337303162, 38.8386306763, 38.9678573608, 22714.5695728, 9490.88151042, 9490.88151042, 9490.88151042, 7483.8359375, 7483.8359375, 7483.8359375, -5766.41341146, -5766.41341146, -5766.41341146, 50.0, 50.0, 50.0, 0.791554868221, 0.791554868221, 0.791554868221, 0.0, 0.0, , , , , , , , , , , , , , , , , , , , , , , , 
1524256387.81, 816.404785156, 27.8397426605, 244.767166138, 244.749404907, 244.735137939, 38.7022666931, 38.8118896484, 38.95860672, 22728.4991256, 9587.12109375, 9587.12109375, 9587.12109375, 7479.76171875, 7479.76171875, 7479.76171875, -5812.63736979, -5812.63736979, -5812.63736979, 50.0, 50.0, 50.0, 0.797603666782, 0.797603666782, 0.797603666782, 0.0, 0.0, 244.771209717, -5766.41341146, 244.7625, -5750.0, -6250.0, -5250.0, 500.0, 500.0, 244.756118774, -5766.41341146, 244.7625, -5750.0, -6250.0, -5250.0, 500.0, 500.0, 244.743835449, -5766.41341146, 244.7625, -5750.0, -6250.0, -5250.0, 500.0, 500.0
1524256387.85, 817.416748047, 27.7252025604, 244.756484985, 244.741470337, 244.731262207, 38.675239563, 38.8088111877, 38.8565177917, 22663.0449159, 9527.97070312, 9527.97070312, 9527.97070312, 7563.99934896, 7563.99934896, 7563.99934896, -5782.49088542, -5782.49088542, -5782.49088542, 50.0, 50.0, 50.0, 0.79110622406, 0.79110622406, 0.79110622406, 0.0, 0.0, , , , , , , , , , , , , , , , , , , , , , , , 
1524256388.79, 818.18762207, 27.9227333069, 248.895263672, 248.904891968, 248.910919189, 38.3960838318, 38.3776550293, 38.3945083618, 22846.0347661, 9587.51953125, 9587.51953125, 9587.51953125, 7565.46614583, 7565.46614583, 7565.46614583, -5779.56510417, -5779.56510417, -5779.56510417, 50.0, 50.0, 50.0, 0.790062129498, 0.790062129498, 0.790062129498, 0.0, 0.0, , , , , , , , , , , , , , , , , , , , , , , , 
1524256389.34, 804.064453125, 28.3512630463, 248.873794556, 248.85508728, 248.851425171, 38.150932312, 38.217464447, 38.3085899353, 22796.2428167, 9529.64973958, 9529.64973958, 9529.64973958, 7600.26497396, 7600.26497396, 7600.26497396, -5791.87825521, -5791.87825521, -5791.87825521, 50.0, 50.0, 50.0, 0.794780552387, 0.794780552387, 0.794780552387, 0.0, 0.0, , , , , , , , , , , , , , , , , , , , , , , , 
1524256389.39, 804.621154785, 28.5397815704, 248.865325928, 248.85017395, 248.847564697, 37.966342926, 38.290058136, 38.369052887, 22963.7120045, 9629.703125, 9629.703125, 9629.703125, 7582.85807292, 7582.85807292, 7582.85807292, -5782.8359375, -5782.8359375, -5782.8359375, 50.0, 50.0, 50.0, 0.795491576195, 0.795491576195, 0.795491576195, 0.0, 0.0, 248.873794556, -5791.87825521, 248.88125, -5750.0, -6250.0, -5250.0, 500.0, 500.0, 248.85508728, -5791.87825521, 248.88125, -5750.0, -6250.0, -5250.0, 500.0, 500.0, 248.851425171, -5791.87825521, 248.88125, -5750.0, -6250.0, -5250.0, 500.0, 500.0
